country_name,country_code,base_year,forecast_year,current_hdi,forecast_hdi,hdi_change
Angola,AGO,2017,2022,0.5552212058827873,0.6323876,0.0772
Angola,AGO,2018,2023,0.5584400196879454,0.6323876,0.0739
Angola,AGO,2019,2024,0.5550997278015313,0.6323876,0.0773
Angola,AGO,2020,2025,0.5419391533431853,0.6323876,0.0904
Angola,AGO,2021,2026,0.5516236442996302,0.6323876,0.0808
Albania,ALB,2017,2022,0.7958587983720112,0.8150034,0.0191
Albania,ALB,2018,2023,0.8042462250257882,0.8150034,0.0108
Albania,ALB,2019,2024,0.8052945771548803,0.8150034,0.0097
Albania,ALB,2020,2025,0.7975656842601008,0.8150034,0.0174
Albania,ALB,2021,2026,0.8001970234390209,0.8150034,0.0148
United Arab Emirates,ARE,2017,2022,0.926149803029678,0.897058,-0.0291
United Arab Emirates,ARE,2018,2023,0.9293178553610144,0.897058,-0.0323
United Arab Emirates,ARE,2019,2024,0.9289931160185496,0.897058,-0.0319
United Arab Emirates,ARE,2020,2025,0.918664393926294,0.897058,-0.0216
United Arab Emirates,ARE,2021,2026,0.9114737090570538,0.897058,-0.0144
Argentina,ARG,2017,2022,0.8691205811425541,0.86880016,-0.0003
Argentina,ARG,2018,2023,0.8619589065759535,0.86880016,0.0068
Argentina,ARG,2019,2024,0.8559056935891811,0.86880016,0.0129
Argentina,ARG,2020,2025,0.8455634725210891,0.86880016,0.0232
Argentina,ARG,2021,2026,0.8456540184395566,0.86880016,0.0231
Armenia,ARM,2017,2022,0.7397252944331622,0.78836644,0.0486
Armenia,ARM,2018,2023,0.7356004327537388,0.78836644,0.0528
Armenia,ARM,2019,2024,0.7524280932924062,0.78836644,0.0359
Armenia,ARM,2020,2025,0.7366363499642334,0.78836644,0.0517
Armenia,ARM,2021,2026,0.7352426058586504,0.78836644,0.0531
Australia,AUS,2017,2022,0.9509528497951152,0.920429,-0.0305
Australia,AUS,2018,2023,0.9543625222750476,0.920429,-0.0339
Australia,AUS,2019,2024,0.9535306787781213,0.920429,-0.0331
Australia,AUS,2020,2025,0.9525801150643506,0.920429,-0.0322
Australia,AUS,2021,2026,0.9590546412275218,0.920429,-0.0386
Austria,AUT,2017,2022,0.9113909632501996,0.8989497,-0.0124
Austria,AUT,2018,2023,0.9131949405860212,0.8989497,-0.0142
Austria,AUT,2019,2024,0.9131156486808282,0.8989497,-0.0142
Austria,AUT,2020,2025,0.9090089232198796,0.8989497,-0.0101
Austria,AUT,2021,2026,0.9127198691720968,0.8989497,-0.0138
Azerbaijan,AZE,2017,2022,0.6922684130508826,0.7827281,0.0905
Azerbaijan,AZE,2018,2023,0.7645172253252959,0.7827281,0.0182
Azerbaijan,AZE,2019,2024,0.7672350385615164,0.7827281,0.0155
Azerbaijan,AZE,2020,2025,0.748781416639417,0.7827281,0.0339
Azerbaijan,AZE,2021,2026,0.7613834205013553,0.7827281,0.0213
Burundi,BDI,2017,2022,0.4535993180077891,0.5511733,0.0976
Burundi,BDI,2018,2023,0.4531198601137223,0.5511733,0.0981
Burundi,BDI,2019,2024,0.4422677023944866,0.5511733,0.1089
Burundi,BDI,2020,2025,0.4474126153272001,0.5511733,0.1038
Burundi,BDI,2021,2026,0.4466373078349097,0.5511733,0.1045
Belgium,BEL,2017,2022,0.9384199158765808,0.91690755,-0.0215
Belgium,BEL,2018,2023,0.9417979101336564,0.91690755,-0.0249
Belgium,BEL,2019,2024,0.9429836546641348,0.91690755,-0.0261
Belgium,BEL,2020,2025,0.9364025770115402,0.91690755,-0.0195
Belgium,BEL,2021,2026,0.9459335365234376,0.91690755,-0.029
Benin,BEN,2017,2022,0.5325459687460765,0.6259097,0.0934
Benin,BEN,2018,2023,0.5367567315525436,0.6259097,0.0892
Benin,BEN,2019,2024,0.5368585243963636,0.6259097,0.0891
Benin,BEN,2020,2025,0.5403628705260921,0.6259097,0.0855
Benin,BEN,2021,2026,0.5415214405979629,0.6259097,0.0844
Burkina Faso,BFA,2017,2022,0.4508883144285167,0.55658704,0.1057
Burkina Faso,BFA,2018,2023,0.4644737120855368,0.55658704,0.0921
Burkina Faso,BFA,2019,2024,0.4667195117435762,0.55658704,0.0899
Burkina Faso,BFA,2020,2025,0.4708751097798027,0.55658704,0.0857
Burkina Faso,BFA,2021,2026,0.4721731100717459,0.55658704,0.0844
Bangladesh,BGD,2017,2022,0.6420441449384926,0.7001798,0.0581
Bangladesh,BGD,2018,2023,0.6571706252677414,0.7001798,0.043
Bangladesh,BGD,2019,2024,0.6621362225303522,0.7001798,0.038
Bangladesh,BGD,2020,2025,0.6587648621117107,0.7001798,0.0414
Bangladesh,BGD,2021,2026,0.6611390124832649,0.7001798,0.039
Bulgaria,BGR,2017,2022,0.8078911916398278,0.8519431,0.0441
Bulgaria,BGR,2018,2023,0.8090356333201375,0.8519431,0.0429
Bulgaria,BGR,2019,2024,0.8116386485312872,0.8519431,0.0403
Bulgaria,BGR,2020,2025,0.8051470071364325,0.8519431,0.0468
Bulgaria,BGR,2021,2026,0.8026043006961247,0.8519431,0.0493
Bahrain,BHR,2017,2022,0.886502237647209,0.9006074,0.0141
Bahrain,BHR,2018,2023,0.8773845036813981,0.9006074,0.0232
Bahrain,BHR,2019,2024,0.8742705376353062,0.9006074,0.0263
Bahrain,BHR,2020,2025,0.8617801142847924,0.9006074,0.0388
Bahrain,BHR,2021,2026,0.8632633083340355,0.9006074,0.0373
"Bahamas, The",BHS,2017,2022,0.794581452458402,0.8046546,0.0101
"Bahamas, The",BHS,2018,2023,0.7641808884243,0.8046546,0.0405
"Bahamas, The",BHS,2019,2024,0.7532863297821542,0.8046546,0.0514
"Bahamas, The",BHS,2020,2025,0.7508129529714259,0.8046546,0.0538
"Bahamas, The",BHS,2021,2026,0.7463564773901766,0.8046546,0.0583
Bosnia and Herzegovina,BIH,2017,2022,0.7466920280590763,0.7702786,0.0236
Bosnia and Herzegovina,BIH,2018,2023,0.7539894787984429,0.7702786,0.0163
Bosnia and Herzegovina,BIH,2019,2024,0.751972598295362,0.7702786,0.0183
Bosnia and Herzegovina,BIH,2020,2025,0.7458715113376445,0.7702786,0.0244
Bosnia and Herzegovina,BIH,2021,2026,0.7458939720822172,0.7702786,0.0244
Belarus,BLR,2017,2022,0.8060056428630844,0.8539298,0.0479
Belarus,BLR,2018,2023,0.80645292270586,0.8539298,0.0475
Belarus,BLR,2019,2024,0.8094805279381584,0.8539298,0.0444
Belarus,BLR,2020,2025,0.7982924163671495,0.8539298,0.0556
Belarus,BLR,2021,2026,0.8032032409417657,0.8539298,0.0507
Belize,BLZ,2017,2022,0.736527637430445,0.78238344,0.0459
Belize,BLZ,2018,2023,0.741565136341083,0.78238344,0.0408
Belize,BLZ,2019,2024,0.7469580878612327,0.78238344,0.0354
Belize,BLZ,2020,2025,0.7361035633195673,0.78238344,0.0463
Belize,BLZ,2021,2026,0.7392374874103865,0.78238344,0.0431
Bolivia,BOL,2017,2022,0.7202288957353483,0.796488,0.0763
Bolivia,BOL,2018,2023,0.7206304802239135,0.796488,0.0759
Bolivia,BOL,2019,2024,0.7211462152280315,0.796488,0.0753
Bolivia,BOL,2020,2025,0.6926410447565692,0.796488,0.1038
Bolivia,BOL,2021,2026,0.6902955961188194,0.796488,0.1062
Brazil,BRA,2017,2022,0.8068819152236774,0.8501308,0.0432
Brazil,BRA,2018,2023,0.8049103701005839,0.8501308,0.0452
Brazil,BRA,2019,2024,0.8045695049404262,0.8501308,0.0456
Brazil,BRA,2020,2025,0.789231047768521,0.8501308,0.0609
Brazil,BRA,2021,2026,0.7871754529640901,0.8501308,0.063
Barbados,BRB,2017,2022,0.8729453925987469,0.8674642,-0.0055
Barbados,BRB,2018,2023,0.8672717090127207,0.8674642,0.0002
Barbados,BRB,2019,2024,0.8655790165428666,0.8674642,0.0019
Barbados,BRB,2020,2025,0.8611591334273608,0.8674642,0.0063
Barbados,BRB,2021,2026,0.8644702657548796,0.8674642,0.003
Brunei Darussalam,BRN,2017,2022,0.8369428599655038,0.8618524,0.0249
Brunei Darussalam,BRN,2018,2023,0.8427804986166313,0.8618524,0.0191
Brunei Darussalam,BRN,2019,2024,0.837921019016664,0.8618524,0.0239
Brunei Darussalam,BRN,2020,2025,0.8333676795403174,0.8618524,0.0285
Brunei Darussalam,BRN,2021,2026,0.8378325427741101,0.8618524,0.024
Bhutan,BTN,2017,2022,0.7237784145911449,0.76964587,0.0459
Bhutan,BTN,2018,2023,0.7318211160260194,0.76964587,0.0378
Bhutan,BTN,2019,2024,0.7351112043820144,0.76964587,0.0345
Bhutan,BTN,2020,2025,0.7318413790726681,0.76964587,0.0378
Bhutan,BTN,2021,2026,0.7370560409444286,0.76964587,0.0326
Botswana,BWA,2017,2022,0.6992997626730107,0.7475464,0.0482
Botswana,BWA,2018,2023,0.7052316044276452,0.7475464,0.0423
Botswana,BWA,2019,2024,0.7075990668672146,0.7475464,0.0399
Botswana,BWA,2020,2025,0.7049009426298912,0.7475464,0.0426
Botswana,BWA,2021,2026,0.6933230400170681,0.7475464,0.0542
Central African Republic,CAF,2017,2022,0.2998996599808524,0.41643137,0.1165
Central African Republic,CAF,2018,2023,0.333988994638534,0.41643137,0.0824
Central African Republic,CAF,2019,2024,0.2391344848507758,0.41643137,0.1773
Central African Republic,CAF,2020,2025,0.3269020626956767,0.41643137,0.0895
Central African Republic,CAF,2021,2026,0.2824034897370622,0.41643137,0.134
Canada,CAN,2017,2022,0.9408221106391388,0.924305,-0.0165
Canada,CAN,2018,2023,0.941990252143262,0.924305,-0.0177
Canada,CAN,2019,2024,0.9434476144372342,0.924305,-0.0191
Canada,CAN,2020,2025,0.9381742185163991,0.924305,-0.0139
Canada,CAN,2021,2026,0.9455984622471596,0.924305,-0.0213
Switzerland,CHE,2017,2022,0.9479865611630026,0.92080194,-0.0272
Switzerland,CHE,2018,2023,0.9505368674118068,0.92080194,-0.0297
Switzerland,CHE,2019,2024,0.9507245081135222,0.92080194,-0.0299
Switzerland,CHE,2020,2025,0.9474200093944024,0.92080194,-0.0266
Switzerland,CHE,2021,2026,0.9541736133786928,0.92080194,-0.0334
Chile,CHL,2017,2022,0.8665503934562904,0.88733995,0.0208
Chile,CHL,2018,2023,0.8699949962475654,0.88733995,0.0173
Chile,CHL,2019,2024,0.8659471899062902,0.88733995,0.0214
Chile,CHL,2020,2025,0.8576543916805393,0.88733995,0.0297
Chile,CHL,2021,2026,0.8636752038878889,0.88733995,0.0237
China,CHN,2017,2022,0.7882774251284386,0.8315325,0.0433
China,CHN,2018,2023,0.7949131227044073,0.8315325,0.0366
China,CHN,2019,2024,0.7969344628232456,0.8315325,0.0346
China,CHN,2020,2025,0.7983407620791,0.8315325,0.0332
China,CHN,2021,2026,0.8062268549703492,0.8315325,0.0253
Cote d'Ivoire,CIV,2017,2022,0.5218448101185407,0.61116725,0.0893
Cote d'Ivoire,CIV,2018,2023,0.53537234280954,0.61116725,0.0758
Cote d'Ivoire,CIV,2019,2024,0.5491544183091491,0.61116725,0.062
Cote d'Ivoire,CIV,2020,2025,0.5492234260186482,0.61116725,0.0619
Cote d'Ivoire,CIV,2021,2026,0.5545082276880468,0.61116725,0.0567
Cameroon,CMR,2017,2022,0.5551047011405771,0.6640839,0.109
Cameroon,CMR,2018,2023,0.5596415845039339,0.6640839,0.1044
Cameroon,CMR,2019,2024,0.5605885706232422,0.6640839,0.1035
Cameroon,CMR,2020,2025,0.5605025209755813,0.6640839,0.1036
Cameroon,CMR,2021,2026,0.5608945629421243,0.6640839,0.1032
"Congo, Dem. Rep.",COD,2017,2022,0.4569402777932449,0.55258197,0.0956
"Congo, Dem. Rep.",COD,2018,2023,0.4659875019811847,0.55258197,0.0866
"Congo, Dem. Rep.",COD,2019,2024,0.4663553702530112,0.55258197,0.0862
"Congo, Dem. Rep.",COD,2020,2025,0.4658329660741575,0.55258197,0.0867
"Congo, Dem. Rep.",COD,2021,2026,0.4718981301420874,0.55258197,0.0807
"Congo, Rep.",COG,2017,2022,0.5618149969206795,0.62698764,0.0652
"Congo, Rep.",COG,2018,2023,0.5706547368059655,0.62698764,0.0563
"Congo, Rep.",COG,2019,2024,0.5615895306691436,0.62698764,0.0654
"Congo, Rep.",COG,2020,2025,0.5586649819146128,0.62698764,0.0683
"Congo, Rep.",COG,2021,2026,0.566741796344487,0.62698764,0.0602
Colombia,COL,2017,2022,0.7960139160838043,0.83984697,0.0438
Colombia,COL,2018,2023,0.8043543272679868,0.83984697,0.0355
Colombia,COL,2019,2024,0.8033258423546193,0.83984697,0.0365
Colombia,COL,2020,2025,0.7866520319645266,0.83984697,0.0532
Colombia,COL,2021,2026,0.7832031404609259,0.83984697,0.0566
Cabo Verde,CPV,2017,2022,0.7587721071874935,0.80425125,0.0455
Cabo Verde,CPV,2018,2023,0.7488791940820488,0.80425125,0.0554
Cabo Verde,CPV,2019,2024,0.752409186472775,0.80425125,0.0518
Cabo Verde,CPV,2020,2025,0.7367688103363408,0.80425125,0.0675
Cabo Verde,CPV,2021,2026,0.7439675774481217,0.80425125,0.0603
Costa Rica,CRI,2017,2022,0.88244378567759,0.88349986,0.0011
Costa Rica,CRI,2018,2023,0.8837264101541858,0.88349986,-0.0002
Costa Rica,CRI,2019,2024,0.8855543666365654,0.88349986,-0.0021
Costa Rica,CRI,2020,2025,0.8814621245822786,0.88349986,0.002
Costa Rica,CRI,2021,2026,0.8752112986926558,0.88349986,0.0083
Cyprus,CYP,2017,2022,0.8879242311589571,0.88453215,-0.0034
Cyprus,CYP,2018,2023,0.8917405477350121,0.88453215,-0.0072
Cyprus,CYP,2019,2024,0.8914184553648861,0.88453215,-0.0069
Cyprus,CYP,2020,2025,0.8889246407159351,0.88453215,-0.0044
Cyprus,CYP,2021,2026,0.8920290022050228,0.88453215,-0.0075
Czechia,CZE,2017,2022,0.8775537975740907,0.8861935,0.0086
Czechia,CZE,2018,2023,0.8788265869844752,0.8861935,0.0074
Czechia,CZE,2019,2024,0.88031168547063,0.8861935,0.0059
Czechia,CZE,2020,2025,0.8747999240783327,0.8861935,0.0114
Czechia,CZE,2021,2026,0.8766204678480695,0.8861935,0.0096
Germany,DEU,2017,2022,0.9005835317237527,0.903547,0.003
Germany,DEU,2018,2023,0.9002823291224898,0.903547,0.0033
Germany,DEU,2019,2024,0.9010923641539966,0.903547,0.0025
Germany,DEU,2020,2025,0.8997388850161921,0.903547,0.0038
Germany,DEU,2021,2026,0.9024347801661096,0.903547,0.0011
Djibouti,DJI,2017,2022,0.5510040670656481,0.6131479,0.0621
Djibouti,DJI,2018,2023,0.5657137492437563,0.6131479,0.0474
Djibouti,DJI,2019,2024,0.5702532007031099,0.6131479,0.0429
Djibouti,DJI,2020,2025,0.578186585678604,0.6131479,0.035
Djibouti,DJI,2021,2026,0.5788857655368357,0.6131479,0.0343
Denmark,DNK,2017,2022,0.946958170710662,0.92760366,-0.0194
Denmark,DNK,2018,2023,0.9487532368495816,0.92760366,-0.0211
Denmark,DNK,2019,2024,0.949785622149692,0.92760366,-0.0222
Denmark,DNK,2020,2025,0.9514864625309206,0.92760366,-0.0239
Denmark,DNK,2021,2026,0.9555443368026608,0.92760366,-0.0279
Dominican Republic,DOM,2017,2022,0.7364880382142274,0.7808556,0.0444
Dominican Republic,DOM,2018,2023,0.74033588777364,0.7808556,0.0405
Dominican Republic,DOM,2019,2024,0.7450286651803294,0.7808556,0.0358
Dominican Republic,DOM,2020,2025,0.7375787741428491,0.7808556,0.0433
Dominican Republic,DOM,2021,2026,0.7404624090996744,0.7808556,0.0404
Algeria,DZA,2017,2022,0.7902845877996646,0.82615954,0.0359
Algeria,DZA,2018,2023,0.7910384140732455,0.82615954,0.0351
Algeria,DZA,2019,2024,0.7906874624188039,0.82615954,0.0355
Algeria,DZA,2020,2025,0.7728409356981031,0.82615954,0.0533
Algeria,DZA,2021,2026,0.7857793724209827,0.82615954,0.0404
Ecuador,ECU,2017,2022,0.8141963875327125,0.84560865,0.0314
Ecuador,ECU,2018,2023,0.8168748233829121,0.84560865,0.0287
Ecuador,ECU,2019,2024,0.8164374905429881,0.84560865,0.0292
Ecuador,ECU,2020,2025,0.7875316332947851,0.84560865,0.0581
Ecuador,ECU,2021,2026,0.7949083738660384,0.84560865,0.0507
"Egypt, Arab Rep.",EGY,2017,2022,0.7029964078148404,0.7624251,0.0594
"Egypt, Arab Rep.",EGY,2018,2023,0.7094241805402935,0.7624251,0.053
"Egypt, Arab Rep.",EGY,2019,2024,0.7222950365650367,0.7624251,0.0401
"Egypt, Arab Rep.",EGY,2020,2025,0.7223793585607202,0.7624251,0.04
"Egypt, Arab Rep.",EGY,2021,2026,0.7220089737261582,0.7624251,0.0404
Spain,ESP,2017,2022,0.9296000981512864,0.90082383,-0.0288
Spain,ESP,2018,2023,0.9331839068424426,0.90082383,-0.0324
Spain,ESP,2019,2024,0.9339581480239464,0.90082383,-0.0331
Spain,ESP,2020,2025,0.923231848908291,0.90082383,-0.0224
Spain,ESP,2021,2026,0.9322792800157992,0.90082383,-0.0315
Estonia,EST,2017,2022,0.8941228750571576,0.89531946,0.0012
Estonia,EST,2018,2023,0.8996180872976268,0.89531946,-0.0043
Estonia,EST,2019,2024,0.902099475444166,0.89531946,-0.0068
Estonia,EST,2020,2025,0.9017263470389718,0.89531946,-0.0064
Estonia,EST,2021,2026,0.9002131476875336,0.89531946,-0.0049
Ethiopia,ETH,2017,2022,0.4636484950174975,0.5335197,0.0699
Ethiopia,ETH,2018,2023,0.4682068366797197,0.5335197,0.0653
Ethiopia,ETH,2019,2024,0.473110359891149,0.5335197,0.0604
Ethiopia,ETH,2020,2025,0.4758712886103873,0.5335197,0.0576
Ethiopia,ETH,2021,2026,0.4757988712129684,0.5335197,0.0577
Finland,FIN,2017,2022,0.9408073529839204,0.91934437,-0.0215
Finland,FIN,2018,2023,0.9441516882941292,0.91934437,-0.0248
Finland,FIN,2019,2024,0.9442611130771448,0.91934437,-0.0249
Finland,FIN,2020,2025,0.9444021167729644,0.91934437,-0.0251
Finland,FIN,2021,2026,0.9474274267954492,0.91934437,-0.0281
Fiji,FJI,2017,2022,0.7307992161670555,0.78267837,0.0519
Fiji,FJI,2018,2023,0.7320431292476077,0.78267837,0.0506
Fiji,FJI,2019,2024,0.7306682265531856,0.78267837,0.052
Fiji,FJI,2020,2025,0.7212313496388904,0.78267837,0.0614
Fiji,FJI,2021,2026,0.7113475210464544,0.78267837,0.0713
France,FRA,2017,2022,0.9184784970573162,0.906437,-0.012
France,FRA,2018,2023,0.9227821343385014,0.906437,-0.0163
France,FRA,2019,2024,0.9225164173894196,0.906437,-0.0161
France,FRA,2020,2025,0.918356675084255,0.906437,-0.0119
France,FRA,2021,2026,0.923278469765561,0.906437,-0.0168
Gabon,GAB,2017,2022,0.6192769249611151,0.6897473,0.0705
Gabon,GAB,2018,2023,0.624038663615127,0.6897473,0.0657
Gabon,GAB,2019,2024,0.6244362226682999,0.6897473,0.0653
Gabon,GAB,2020,2025,0.6186416515313508,0.6897473,0.0711
Gabon,GAB,2021,2026,0.6268920367528725,0.6897473,0.0629
United Kingdom,GBR,2017,2022,0.934510364725352,0.92345953,-0.0111
United Kingdom,GBR,2018,2023,0.9370527676732422,0.92345953,-0.0136
United Kingdom,GBR,2019,2024,0.9370825763252272,0.92345953,-0.0136
United Kingdom,GBR,2020,2025,0.9302128348212084,0.92345953,-0.0068
United Kingdom,GBR,2021,2026,0.9376577098526984,0.92345953,-0.0142
Georgia,GEO,2017,2022,0.7920309973589527,0.8167074,0.0247
Georgia,GEO,2018,2023,0.806019447425391,0.8167074,0.0107
Georgia,GEO,2019,2024,0.8073401315614506,0.8167074,0.0094
Georgia,GEO,2020,2025,0.8005980774844007,0.8167074,0.0161
Georgia,GEO,2021,2026,0.798536636328533,0.8167074,0.0182
Ghana,GHA,2017,2022,0.6086973890231689,0.6875233,0.0788
Ghana,GHA,2018,2023,0.6208097725111962,0.6875233,0.0667
Ghana,GHA,2019,2024,0.6327858344188743,0.6875233,0.0547
Ghana,GHA,2020,2025,0.6322774511160559,0.6875233,0.0552
Ghana,GHA,2021,2026,0.6363290806828181,0.6875233,0.0512
Guinea,GIN,2017,2022,0.4570738113948362,0.5577962,0.1007
Guinea,GIN,2018,2023,0.462918092681723,0.5577962,0.0949
Guinea,GIN,2019,2024,0.4682968677981385,0.5577962,0.0895
Guinea,GIN,2020,2025,0.4689906633902276,0.5577962,0.0888
Guinea,GIN,2021,2026,0.4755285813249322,0.5577962,0.0823
"Gambia, The",GMB,2017,2022,0.5040640343349176,0.61125576,0.1072
"Gambia, The",GMB,2018,2023,0.5086381457095565,0.61125576,0.1026
"Gambia, The",GMB,2019,2024,0.5126793678926419,0.61125576,0.0986
"Gambia, The",GMB,2020,2025,0.5116949632481193,0.61125576,0.0996
"Gambia, The",GMB,2021,2026,0.5122614866440864,0.61125576,0.099
Guinea-Bissau,GNB,2017,2022,0.4492659328421657,0.54611665,0.0969
Guinea-Bissau,GNB,2018,2023,0.4527863293437344,0.54611665,0.0933
Guinea-Bissau,GNB,2019,2024,0.4552264500247169,0.54611665,0.0909
Guinea-Bissau,GNB,2020,2025,0.4531705050179364,0.54611665,0.0929
Guinea-Bissau,GNB,2021,2026,0.4580528889651751,0.54611665,0.0881
Greece,GRC,2017,2022,0.8867854927503095,0.8775018,-0.0093
Greece,GRC,2018,2023,0.8927603352463543,0.8775018,-0.0153
Greece,GRC,2019,2024,0.8910251945856144,0.8775018,-0.0135
Greece,GRC,2020,2025,0.8864241788318711,0.8775018,-0.0089
Greece,GRC,2021,2026,0.8865034274158359,0.8775018,-0.009
Guatemala,GTM,2017,2022,0.6219886081047873,0.69004923,0.0681
Guatemala,GTM,2018,2023,0.6214834816358753,0.69004923,0.0686
Guatemala,GTM,2019,2024,0.6185141743636294,0.69004923,0.0715
Guatemala,GTM,2020,2025,0.610641482993728,0.69004923,0.0794
Guatemala,GTM,2021,2026,0.6046199765336244,0.69004923,0.0854
Guyana,GUY,2017,2022,0.7647587095190579,0.7757905,0.011
Guyana,GUY,2018,2023,0.7652356310434657,0.7757905,0.0106
Guyana,GUY,2019,2024,0.7685324474544798,0.7757905,0.0073
Guyana,GUY,2020,2025,0.7647202493010737,0.7757905,0.0111
Guyana,GUY,2021,2026,0.7636273959338912,0.7757905,0.0122
"Hong Kong SAR, China",HKG,2017,2022,0.939993853023426,0.9083898,-0.0316
"Hong Kong SAR, China",HKG,2018,2023,0.9495328601261253,0.9083898,-0.0411
"Hong Kong SAR, China",HKG,2019,2024,0.95148720629202,0.9083898,-0.0431
"Hong Kong SAR, China",HKG,2020,2025,0.951195415252679,0.9083898,-0.0428
"Hong Kong SAR, China",HKG,2021,2026,0.9543095054632988,0.9083898,-0.0459
Honduras,HND,2017,2022,0.5983951085613041,0.6930872,0.0947
Honduras,HND,2018,2023,0.6001023410042383,0.6930872,0.093
Honduras,HND,2019,2024,0.6459818336118449,0.6930872,0.0471
Honduras,HND,2020,2025,0.6371326434328641,0.6930872,0.056
Honduras,HND,2021,2026,0.6374571843526646,0.6930872,0.0556
Croatia,HRV,2017,2022,0.843101045794065,0.8548644,0.0118
Croatia,HRV,2018,2023,0.85023213236621,0.8548644,0.0046
Croatia,HRV,2019,2024,0.8518739927335313,0.8548644,0.003
Croatia,HRV,2020,2025,0.8467721912169051,0.8548644,0.0081
Croatia,HRV,2021,2026,0.8488540431764239,0.8548644,0.006
Haiti,HTI,2017,2022,0.63330589482774,0.7111097,0.0778
Haiti,HTI,2018,2023,0.6371180250844043,0.7111097,0.074
Haiti,HTI,2019,2024,0.6343499531786106,0.7111097,0.0768
Haiti,HTI,2020,2025,0.6300230879976573,0.7111097,0.0811
Haiti,HTI,2021,2026,0.638468519445237,0.7111097,0.0726
Hungary,HUN,2017,2022,0.8496783208714325,0.8690058,0.0193
Hungary,HUN,2018,2023,0.8567883056431066,0.8690058,0.0122
Hungary,HUN,2019,2024,0.858876991100686,0.8690058,0.0101
Hungary,HUN,2020,2025,0.8533417299477394,0.8690058,0.0157
Hungary,HUN,2021,2026,0.8529643402691596,0.8690058,0.016
Indonesia,IDN,2017,2022,0.718455912621109,0.76413685,0.0457
Indonesia,IDN,2018,2023,0.725546617177797,0.76413685,0.0386
Indonesia,IDN,2019,2024,0.7291519123892446,0.76413685,0.035
Indonesia,IDN,2020,2025,0.7197364150970067,0.76413685,0.0444
Indonesia,IDN,2021,2026,0.7176483003895472,0.76413685,0.0465
India,IND,2017,2022,0.6500425990293603,0.71665025,0.0666
India,IND,2018,2023,0.6548086585072782,0.71665025,0.0618
India,IND,2019,2024,0.655893734467004,0.71665025,0.0608
India,IND,2020,2025,0.6505865932458568,0.71665025,0.0661
India,IND,2021,2026,0.6437314338020715,0.71665025,0.0729
Ireland,IRL,2017,2022,0.96049591129509,0.91002417,-0.0505
Ireland,IRL,2018,2023,0.9650834072413592,0.91002417,-0.0551
Ireland,IRL,2019,2024,0.9678295834116208,0.91002417,-0.0578
Ireland,IRL,2020,2025,0.96885986607527,0.91002417,-0.0588
Ireland,IRL,2021,2026,0.9749643764297752,0.91002417,-0.0649
"Iran, Islamic Rep.",IRN,2017,2022,0.7629891758463824,0.8181248,0.0551
"Iran, Islamic Rep.",IRN,2018,2023,0.7552579175313415,0.8181248,0.0629
"Iran, Islamic Rep.",IRN,2019,2024,0.7493985183119168,0.8181248,0.0687
"Iran, Islamic Rep.",IRN,2020,2025,0.7285136393718384,0.8181248,0.0896
"Iran, Islamic Rep.",IRN,2021,2026,0.7407621084166275,0.8181248,0.0774
Iraq,IRQ,2017,2022,0.6209678656382759,0.68681264,0.0658
Iraq,IRQ,2018,2023,0.6335981967064456,0.68681264,0.0532
Iraq,IRQ,2019,2024,0.6343558363872576,0.68681264,0.0525
Iraq,IRQ,2020,2025,0.6163864659380159,0.68681264,0.0704
Iraq,IRQ,2021,2026,0.6260045886800705,0.68681264,0.0608
Iceland,ISL,2017,2022,0.9632229476435936,0.9331564,-0.0301
Iceland,ISL,2018,2023,0.965511984466242,0.9331564,-0.0324
Iceland,ISL,2019,2024,0.9635084492284566,0.9331564,-0.0304
Iceland,ISL,2020,2025,0.9575769728127748,0.9331564,-0.0244
Iceland,ISL,2021,2026,0.9641433048100402,0.9331564,-0.031
Israel,ISR,2017,2022,0.9249650277379096,0.9128151,-0.0121
Israel,ISR,2018,2023,0.928741169510364,0.9128151,-0.0159
Israel,ISR,2019,2024,0.9304350320847148,0.9128151,-0.0176
Israel,ISR,2020,2025,0.9300082649457432,0.9128151,-0.0172
Israel,ISR,2021,2026,0.9354786266683454,0.9128151,-0.0227
Italy,ITA,2017,2022,0.9059358879103424,0.8948875,-0.011
Italy,ITA,2018,2023,0.9103638372487908,0.8948875,-0.0155
Italy,ITA,2019,2024,0.909824864066367,0.8948875,-0.0149
Italy,ITA,2020,2025,0.901891567368176,0.8948875,-0.007
Italy,ITA,2021,2026,0.909280229927762,0.8948875,-0.0144
Jamaica,JAM,2017,2022,0.7243015430460052,0.78440446,0.0601
Jamaica,JAM,2018,2023,0.7282761224805291,0.78440446,0.0561
Jamaica,JAM,2019,2024,0.7380393606694904,0.78440446,0.0464
Jamaica,JAM,2020,2025,0.7326851613853814,0.78440446,0.0517
Jamaica,JAM,2021,2026,0.7242402556196842,0.78440446,0.0602
Jordan,JOR,2017,2022,0.671158197932027,0.74561,0.0745
Jordan,JOR,2018,2023,0.6753572155060841,0.74561,0.0703
Jordan,JOR,2019,2024,0.6838942205259942,0.74561,0.0617
Jordan,JOR,2020,2025,0.6766752058082989,0.74561,0.0689
Jordan,JOR,2021,2026,0.6719292392930797,0.74561,0.0737
Japan,JPN,2017,2022,0.8537289486098766,0.8773903,0.0237
Japan,JPN,2018,2023,0.8551350203398451,0.8773903,0.0223
Japan,JPN,2019,2024,0.8564355330875073,0.8773903,0.021
Japan,JPN,2020,2025,0.8569891836291608,0.8773903,0.0204
Japan,JPN,2021,2026,0.8565329351666463,0.8773903,0.0209
Kazakhstan,KAZ,2017,2022,0.8382993059552651,0.86850464,0.0302
Kazakhstan,KAZ,2018,2023,0.8422131853965253,0.86850464,0.0263
Kazakhstan,KAZ,2019,2024,0.843463457794683,0.86850464,0.025
Kazakhstan,KAZ,2020,2025,0.8294139591256369,0.86850464,0.0391
Kazakhstan,KAZ,2021,2026,0.8295313476967191,0.86850464,0.039
Kenya,KEN,2017,2022,0.5574647150430617,0.64965105,0.0922
Kenya,KEN,2018,2023,0.5616420400614888,0.64965105,0.088
Kenya,KEN,2019,2024,0.5646794950112546,0.64965105,0.085
Kenya,KEN,2020,2025,0.5579286533342444,0.64965105,0.0917
Kenya,KEN,2021,2026,0.5588299176711281,0.64965105,0.0908
Kyrgyz Republic,KGZ,2017,2022,0.7020742539723827,0.7689933,0.0669
Kyrgyz Republic,KGZ,2018,2023,0.7086063683483382,0.7689933,0.0604
Kyrgyz Republic,KGZ,2019,2024,0.7176403281414966,0.7689933,0.0514
Kyrgyz Republic,KGZ,2020,2025,0.712939842693379,0.7689933,0.0561
Kyrgyz Republic,KGZ,2021,2026,0.7169992059910829,0.7689933,0.052
Cambodia,KHM,2017,2022,0.5565804226517466,0.6319495,0.0754
Cambodia,KHM,2018,2023,0.5614709197105973,0.6319495,0.0705
Cambodia,KHM,2019,2024,0.5655065569976905,0.6319495,0.0664
Cambodia,KHM,2020,2025,0.5626150161370942,0.6319495,0.0693
Cambodia,KHM,2021,2026,0.5607271520327538,0.6319495,0.0712
"Korea, Rep.",KOR,2017,2022,0.9020474165844352,0.90541065,0.0034
"Korea, Rep.",KOR,2018,2023,0.8985439915915726,0.90541065,0.0069
"Korea, Rep.",KOR,2019,2024,0.8995548021106332,0.90541065,0.0059
"Korea, Rep.",KOR,2020,2025,0.9002561226054066,0.90541065,0.0052
"Korea, Rep.",KOR,2021,2026,0.9049150412138868,0.90541065,0.0005
Kuwait,KWT,2017,2022,0.8764768590884966,0.9029268,0.0264
Kuwait,KWT,2018,2023,0.8811590085464962,0.9029268,0.0218
Kuwait,KWT,2019,2024,0.8891883744226755,0.9029268,0.0137
Kuwait,KWT,2020,2025,0.8658006987330138,0.9029268,0.0371
Kuwait,KWT,2021,2026,0.8772152376245347,0.9029268,0.0257
Lao PDR,LAO,2017,2022,0.6272141745532079,0.6647426,0.0375
Lao PDR,LAO,2018,2023,0.6296223613916552,0.6647426,0.0351
Lao PDR,LAO,2019,2024,0.6266589506464605,0.6647426,0.0381
Lao PDR,LAO,2020,2025,0.6285206240989979,0.6647426,0.0362
Lao PDR,LAO,2021,2026,0.6252320887487527,0.6647426,0.0395
Lebanon,LBN,2017,2022,0.7687478385804541,0.8065441,0.0378
Lebanon,LBN,2018,2023,0.7715291945164647,0.8065441,0.035
Lebanon,LBN,2019,2024,0.7701324168775089,0.8065441,0.0364
Lebanon,LBN,2020,2025,0.7432883428463226,0.8065441,0.0633
Lebanon,LBN,2021,2026,0.7189744489556319,0.8065441,0.0876
Libya,LBY,2017,2022,0.8027246306742192,0.8162941,0.0136
Libya,LBY,2018,2023,0.8091718818648105,0.8162941,0.0071
Libya,LBY,2019,2024,0.8037138526037411,0.8162941,0.0126
Libya,LBY,2020,2025,0.7856023550012111,0.8162941,0.0307
Libya,LBY,2021,2026,0.7726164323871535,0.8162941,0.0437
St. Lucia,LCA,2017,2022,0.7780458670901522,0.78252214,0.0045
St. Lucia,LCA,2018,2023,0.781269898280924,0.78252214,0.0013
St. Lucia,LCA,2019,2024,0.7815296229646265,0.78252214,0.001
St. Lucia,LCA,2020,2025,0.7687521006976251,0.78252214,0.0138
St. Lucia,LCA,2021,2026,0.7626747503737858,0.78252214,0.0198
Sri Lanka,LKA,2017,2022,0.7875614165811681,0.79288954,0.0053
Sri Lanka,LKA,2018,2023,0.7956678929764683,0.79288954,-0.0028
Sri Lanka,LKA,2019,2024,0.7941055527896791,0.79288954,-0.0012
Sri Lanka,LKA,2020,2025,0.7928690984492546,0.79288954,0.0
Sri Lanka,LKA,2021,2026,0.7913857186734328,0.79288954,0.0015
Lesotho,LSO,2017,2022,0.5168358592357786,0.59565836,0.0788
Lesotho,LSO,2018,2023,0.5237962440819209,0.59565836,0.0719
Lesotho,LSO,2019,2024,0.5235372290009382,0.59565836,0.0721
Lesotho,LSO,2020,2025,0.5166952416040572,0.59565836,0.079
Lesotho,LSO,2021,2026,0.5182573476711108,0.59565836,0.0774
Lithuania,LTU,2017,2022,0.8688339307101155,0.87726074,0.0084
Lithuania,LTU,2018,2023,0.8744691634425791,0.87726074,0.0028
Lithuania,LTU,2019,2024,0.8779242287051977,0.87726074,-0.0007
Lithuania,LTU,2020,2025,0.8738097612920909,0.87726074,0.0035
Lithuania,LTU,2021,2026,0.8753091914678034,0.87726074,0.002
Luxembourg,LUX,2017,2022,0.9563719482523482,0.90572697,-0.0506
Luxembourg,LUX,2018,2023,0.9616229635623488,0.90572697,-0.0559
Luxembourg,LUX,2019,2024,0.9617631417390284,0.90572697,-0.056
Luxembourg,LUX,2020,2025,0.9609139568901112,0.90572697,-0.0552
Luxembourg,LUX,2021,2026,0.9685342190049856,0.90572697,-0.0628
Latvia,LVA,2017,2022,0.8660168136352979,0.8802538,0.0142
Latvia,LVA,2018,2023,0.8690881270643308,0.8802538,0.0112
Latvia,LVA,2019,2024,0.8719316563781293,0.8802538,0.0083
Latvia,LVA,2020,2025,0.8716081986027282,0.8802538,0.0086
Latvia,LVA,2021,2026,0.8671057058250997,0.8802538,0.0131
"Macao SAR, China",MAC,2017,2022,0.9376768354033505,0.9169345,-0.0207
"Macao SAR, China",MAC,2018,2023,0.9445682073316451,0.9169345,-0.0276
"Macao SAR, China",MAC,2019,2024,0.9449139785031194,0.9169345,-0.028
"Macao SAR, China",MAC,2020,2025,0.915042994823566,0.9169345,0.0019
"Macao SAR, China",MAC,2021,2026,0.920803080838536,0.9169345,-0.0039
Morocco,MAR,2017,2022,0.7067001977482287,0.7590013,0.0523
Morocco,MAR,2018,2023,0.7117148108744344,0.7590013,0.0473
Morocco,MAR,2019,2024,0.71619565457911,0.7590013,0.0428
Morocco,MAR,2020,2025,0.7084089114722275,0.7590013,0.0506
Morocco,MAR,2021,2026,0.7152296336494804,0.7590013,0.0438
Moldova,MDA,2017,2022,0.7159752896747493,0.77692,0.0609
Moldova,MDA,2018,2023,0.7227254542139089,0.77692,0.0542
Moldova,MDA,2019,2024,0.7229945245655608,0.77692,0.0539
Moldova,MDA,2020,2025,0.7215218266948522,0.77692,0.0554
Moldova,MDA,2021,2026,0.7245375044166784,0.77692,0.0524
Madagascar,MDG,2017,2022,0.4504372912435548,0.53719926,0.0868
Madagascar,MDG,2018,2023,0.4501791678074107,0.53719926,0.087
Madagascar,MDG,2019,2024,0.4440446210443454,0.53719926,0.0932
Madagascar,MDG,2020,2025,0.4364415097641388,0.53719926,0.1008
Madagascar,MDG,2021,2026,0.4382752778631951,0.53719926,0.0989
Maldives,MDV,2017,2022,0.7388219161892877,0.76915485,0.0303
Maldives,MDV,2018,2023,0.7983405110061276,0.76915485,-0.0292
Maldives,MDV,2019,2024,0.7880714215629204,0.76915485,-0.0189
Maldives,MDV,2020,2025,0.7657125620829475,0.76915485,0.0034
Maldives,MDV,2021,2026,0.7750351882199831,0.76915485,-0.0059
Mexico,MEX,2017,2022,0.8291162021505148,0.83842474,0.0093
Mexico,MEX,2018,2023,0.8332867564536938,0.83842474,0.0051
Mexico,MEX,2019,2024,0.8354016642838359,0.83842474,0.003
Mexico,MEX,2020,2025,0.8107090593467318,0.83842474,0.0277
Mexico,MEX,2021,2026,0.8134795157550031,0.83842474,0.0249
North Macedonia,MKD,2017,2022,0.7452093423368845,0.770335,0.0251
North Macedonia,MKD,2018,2023,0.7483611398953444,0.770335,0.022
North Macedonia,MKD,2019,2024,0.7481785904001003,0.770335,0.0222
North Macedonia,MKD,2020,2025,0.7378091111715673,0.770335,0.0325
North Macedonia,MKD,2021,2026,0.7377930632661571,0.770335,0.0325
Mali,MLI,2017,2022,0.467314742750589,0.5752704,0.108
Mali,MLI,2018,2023,0.4700553435148086,0.5752704,0.1052
Mali,MLI,2019,2024,0.4706609792479901,0.5752704,0.1046
Mali,MLI,2020,2025,0.4682808116066219,0.5752704,0.107
Mali,MLI,2021,2026,0.4723366139819575,0.5752704,0.1029
Malta,MLT,2017,2022,0.911203199877312,0.8962309,-0.015
Malta,MLT,2018,2023,0.922470252890168,0.8962309,-0.0262
Malta,MLT,2019,2024,0.9232051741689355,0.8962309,-0.027
Malta,MLT,2020,2025,0.9199376578001152,0.8962309,-0.0237
Malta,MLT,2021,2026,0.9276130591467958,0.8962309,-0.0314
Myanmar,MMR,2017,2022,0.585450505537745,0.6648487,0.0794
Myanmar,MMR,2018,2023,0.6008880610370827,0.6648487,0.064
Myanmar,MMR,2019,2024,0.6055307283787322,0.6648487,0.0593
Myanmar,MMR,2020,2025,0.6079340330481283,0.6648487,0.0569
Myanmar,MMR,2021,2026,0.5961187395689117,0.6648487,0.0687
Mongolia,MNG,2017,2022,0.733741814636068,0.7836466,0.0499
Mongolia,MNG,2018,2023,0.7396308332229835,0.7836466,0.044
Mongolia,MNG,2019,2024,0.7428481820918122,0.7836466,0.0408
Mongolia,MNG,2020,2025,0.7409894426215281,0.7836466,0.0427
Mongolia,MNG,2021,2026,0.7470180122039287,0.7836466,0.0366
Mozambique,MOZ,2017,2022,0.4290870335320692,0.5346792,0.1056
Mozambique,MOZ,2018,2023,0.4356355492310311,0.5346792,0.099
Mozambique,MOZ,2019,2024,0.4380975024306843,0.5346792,0.0966
Mozambique,MOZ,2020,2025,0.4340274550757043,0.5346792,0.1007
Mozambique,MOZ,2021,2026,0.4326943124604787,0.5346792,0.102
Mauritania,MRT,2017,2022,0.4990810799852485,0.59303033,0.0939
Mauritania,MRT,2018,2023,0.516658989344359,0.59303033,0.0764
Mauritania,MRT,2019,2024,0.526830681631072,0.59303033,0.0662
Mauritania,MRT,2020,2025,0.5236086754832043,0.59303033,0.0694
Mauritania,MRT,2021,2026,0.5265980030857075,0.59303033,0.0664
Mauritius,MUS,2017,2022,0.8077193425700488,0.8266881,0.019
Mauritius,MUS,2018,2023,0.8080978820411802,0.8266881,0.0186
Mauritius,MUS,2019,2024,0.8128930141888144,0.8266881,0.0138
Mauritius,MUS,2020,2025,0.8035162191991102,0.8266881,0.0232
Mauritius,MUS,2021,2026,0.8014356113375944,0.8266881,0.0253
Malawi,MWI,2017,2022,0.4624437040422363,0.5216179,0.0592
Malawi,MWI,2018,2023,0.4689860032169988,0.5216179,0.0526
Malawi,MWI,2019,2024,0.4645282149109456,0.5216179,0.0571
Malawi,MWI,2020,2025,0.466940076530195,0.5216179,0.0547
Malawi,MWI,2021,2026,0.4659122234487911,0.5216179,0.0557
Malaysia,MYS,2017,2022,0.7755385195245142,0.8363651,0.0608
Malaysia,MYS,2018,2023,0.7692797993623085,0.8363651,0.0671
Malaysia,MYS,2019,2024,0.7756849929487872,0.8363651,0.0607
Malaysia,MYS,2020,2025,0.772836846931377,0.8363651,0.0635
Malaysia,MYS,2021,2026,0.7666160007886903,0.8363651,0.0697
Namibia,NAM,2017,2022,0.6247841746452164,0.69109553,0.0663
Namibia,NAM,2018,2023,0.6301703003235414,0.69109553,0.0609
Namibia,NAM,2019,2024,0.6301258148098663,0.69109553,0.061
Namibia,NAM,2020,2025,0.6248376670254534,0.69109553,0.0663
Namibia,NAM,2021,2026,0.6151843109520923,0.69109553,0.0759
Niger,NER,2017,2022,0.3947219127928039,0.47360516,0.0789
Niger,NER,2018,2023,0.3997949615196674,0.47360516,0.0738
Niger,NER,2019,2024,0.3998628198673749,0.47360516,0.0737
Niger,NER,2020,2025,0.400425665886903,0.47360516,0.0732
Niger,NER,2021,2026,0.4007394580610404,0.47360516,0.0729
Nigeria,NGA,2017,2022,0.4681486439373166,0.58589476,0.1177
Nigeria,NGA,2018,2023,0.472946842971719,0.58589476,0.1129
Nigeria,NGA,2019,2024,0.4914003718534847,0.58589476,0.0945
Nigeria,NGA,2020,2025,0.4866188804388138,0.58589476,0.0993
Nigeria,NGA,2021,2026,0.4882248300731646,0.58589476,0.0977
Nicaragua,NIC,2017,2022,0.6693333289297,0.7404134,0.0711
Nicaragua,NIC,2018,2023,0.6688610698135564,0.7404134,0.0716
Nicaragua,NIC,2019,2024,0.6668597767332521,0.7404134,0.0736
Nicaragua,NIC,2020,2025,0.6528408063744431,0.7404134,0.0876
Nicaragua,NIC,2021,2026,0.655319223894789,0.7404134,0.0851
Netherlands,NLD,2017,2022,0.94416415848185,0.9239701,-0.0202
Netherlands,NLD,2018,2023,0.9477121848777024,0.9239701,-0.0237
Netherlands,NLD,2019,2024,0.948787739284632,0.9239701,-0.0248
Netherlands,NLD,2020,2025,0.9453012214897172,0.9239701,-0.0213
Netherlands,NLD,2021,2026,0.949619306138517,0.9239701,-0.0256
Norway,NOR,2017,2022,0.964623993460468,0.9368345,-0.0278
Norway,NOR,2018,2023,0.9685369935434728,0.9368345,-0.0317
Norway,NOR,2019,2024,0.9663596184785908,0.9368345,-0.0295
Norway,NOR,2020,2025,0.9631826589480262,0.9368345,-0.0263
Norway,NOR,2021,2026,0.9748934555049468,0.9368345,-0.0381
Nepal,NPL,2017,2022,0.6214613700119044,0.6967003,0.0752
Nepal,NPL,2018,2023,0.6278622659327685,0.6967003,0.0688
Nepal,NPL,2019,2024,0.6492464897870017,0.6967003,0.0475
Nepal,NPL,2020,2025,0.6467687407180275,0.6967003,0.0499
Nepal,NPL,2021,2026,0.6466524223745845,0.6967003,0.05
New Zealand,NZL,2017,2022,0.9391191637922104,0.9219535,-0.0172
New Zealand,NZL,2018,2023,0.9387067956595212,0.9219535,-0.0168
New Zealand,NZL,2019,2024,0.9399316065218516,0.9219535,-0.018
New Zealand,NZL,2020,2025,0.9400596260451234,0.9219535,-0.0181
New Zealand,NZL,2021,2026,0.946530772789946,0.9219535,-0.0246
Oman,OMN,2017,2022,0.8821891962028655,0.8959336,0.0137
Oman,OMN,2018,2023,0.8897641657193782,0.8959336,0.0062
Oman,OMN,2019,2024,0.8900627788009965,0.8959336,0.0059
Oman,OMN,2020,2025,0.8749973628916424,0.8959336,0.0209
Oman,OMN,2021,2026,0.8724423522531634,0.8959336,0.0235
Pakistan,PAK,2017,2022,0.5177224096219647,0.5950512,0.0773
Pakistan,PAK,2018,2023,0.5273772641997404,0.5950512,0.0677
Pakistan,PAK,2019,2024,0.5274750812786972,0.5950512,0.0676
Pakistan,PAK,2020,2025,0.5195655872562289,0.5950512,0.0755
Pakistan,PAK,2021,2026,0.5248915996047745,0.5950512,0.0702
Panama,PAN,2017,2022,0.7745600530706938,0.80456525,0.03
Panama,PAN,2018,2023,0.7773251805876932,0.80456525,0.0272
Panama,PAN,2019,2024,0.7792243726832341,0.80456525,0.0253
Panama,PAN,2020,2025,0.7610066554415699,0.80456525,0.0436
Panama,PAN,2021,2026,0.770027909768057,0.80456525,0.0345
Peru,PER,2017,2022,0.8239389787705406,0.8460631,0.0221
Peru,PER,2018,2023,0.8311475841394338,0.8460631,0.0149
Peru,PER,2019,2024,0.8402355077513658,0.8460631,0.0058
Peru,PER,2020,2025,0.8238333185655824,0.8460631,0.0222
Peru,PER,2021,2026,0.817805634796589,0.8460631,0.0283
Philippines,PHL,2017,2022,0.7070413784107351,0.7685224,0.0615
Philippines,PHL,2018,2023,0.70099495688101,0.7685224,0.0675
Philippines,PHL,2019,2024,0.703356585251025,0.7685224,0.0652
Philippines,PHL,2020,2025,0.7032340238108158,0.7685224,0.0653
Philippines,PHL,2021,2026,0.69064216576723,0.7685224,0.0779
Poland,POL,2017,2022,0.8767578369165797,0.8826007,0.0058
Poland,POL,2018,2023,0.8808415792512408,0.8826007,0.0018
Poland,POL,2019,2024,0.8827450126118057,0.8826007,-0.0001
Poland,POL,2020,2025,0.8765747043704525,0.8826007,0.006
Poland,POL,2021,2026,0.8773324766986459,0.8826007,0.0053
Portugal,PRT,2017,2022,0.9103368539453488,0.8987642,-0.0116
Portugal,PRT,2018,2023,0.9134863928284896,0.8987642,-0.0147
Portugal,PRT,2019,2024,0.9147563409234956,0.8987642,-0.016
Portugal,PRT,2020,2025,0.9114172055214416,0.8987642,-0.0127
Portugal,PRT,2021,2026,0.9156025953715328,0.8987642,-0.0168
Paraguay,PRY,2017,2022,0.7174800497404048,0.77649456,0.059
Paraguay,PRY,2018,2023,0.7189444663948157,0.77649456,0.0576
Paraguay,PRY,2019,2024,0.7163357925834407,0.77649456,0.0602
Paraguay,PRY,2020,2025,0.7088834801227146,0.77649456,0.0676
Paraguay,PRY,2021,2026,0.6920961946727583,0.77649456,0.0844
West Bank and Gaza,PSE,2017,2022,0.7464298944055457,0.78491575,0.0385
West Bank and Gaza,PSE,2018,2023,0.7483553864685626,0.78491575,0.0366
West Bank and Gaza,PSE,2019,2024,0.7550922966545474,0.78491575,0.0298
West Bank and Gaza,PSE,2020,2025,0.7466524418023792,0.78491575,0.0383
West Bank and Gaza,PSE,2021,2026,0.7465944959008857,0.78491575,0.0383
Qatar,QAT,2017,2022,0.9423738803982996,0.9303001,-0.0121
Qatar,QAT,2018,2023,0.9480012460667704,0.9303001,-0.0177
Qatar,QAT,2019,2024,0.9466994875844724,0.9303001,-0.0164
Qatar,QAT,2020,2025,0.9252529677421004,0.9303001,0.005
Qatar,QAT,2021,2026,0.9409766778821635,0.9303001,-0.0107
Romania,ROU,2017,2022,0.7957593968678855,0.82836974,0.0326
Romania,ROU,2018,2023,0.7951071540732736,0.82836974,0.0333
Romania,ROU,2019,2024,0.7977414627844422,0.82836974,0.0306
Romania,ROU,2020,2025,0.7918884387989248,0.82836974,0.0365
Romania,ROU,2021,2026,0.7905867943636572,0.82836974,0.0378
Russian Federation,RUS,2017,2022,0.8215540048250687,0.8593148,0.0378
Russian Federation,RUS,2018,2023,0.825666698155843,0.8593148,0.0336
Russian Federation,RUS,2019,2024,0.8283857244758992,0.8593148,0.0309
Russian Federation,RUS,2020,2025,0.8156559331945287,0.8593148,0.0437
Russian Federation,RUS,2021,2026,0.8170842848638667,0.8593148,0.0422
Rwanda,RWA,2017,2022,0.4857197628018121,0.5760922,0.0904
Rwanda,RWA,2018,2023,0.4937759844817014,0.5760922,0.0823
Rwanda,RWA,2019,2024,0.5080623233736453,0.5760922,0.068
Rwanda,RWA,2020,2025,0.5077311403364232,0.5760922,0.0684
Rwanda,RWA,2021,2026,0.5097012900022441,0.5760922,0.0664
Saudi Arabia,SAU,2017,2022,0.8949545859115092,0.89018506,-0.0048
Saudi Arabia,SAU,2018,2023,0.9103159512597592,0.89018506,-0.0201
Saudi Arabia,SAU,2019,2024,0.9086014963288443,0.89018506,-0.0184
Saudi Arabia,SAU,2020,2025,0.8978347778029976,0.89018506,-0.0076
Saudi Arabia,SAU,2021,2026,0.9059974536513842,0.89018506,-0.0158
Sudan,SDN,2017,2022,0.5151768570886565,0.57361233,0.0584
Sudan,SDN,2018,2023,0.5060253496876708,0.57361233,0.0676
Sudan,SDN,2019,2024,0.5062710907475241,0.57361233,0.0673
Sudan,SDN,2020,2025,0.4952479299028516,0.57361233,0.0784
Sudan,SDN,2021,2026,0.5002863437454901,0.57361233,0.0733
Senegal,SEN,2017,2022,0.5506708373510497,0.6230313,0.0724
Senegal,SEN,2018,2023,0.5547545522663007,0.6230313,0.0683
Senegal,SEN,2019,2024,0.5405547519230341,0.6230313,0.0825
Senegal,SEN,2020,2025,0.54057098928762,0.6230313,0.0825
Senegal,SEN,2021,2026,0.5411753884101617,0.6230313,0.0819
Singapore,SGP,2017,2022,0.9507100243597844,0.9165521,-0.0342
Singapore,SGP,2018,2023,0.9495285153034246,0.9165521,-0.033
Singapore,SGP,2019,2024,0.9503401290992968,0.9165521,-0.0338
Singapore,SGP,2020,2025,0.9473535971142656,0.9165521,-0.0308
Singapore,SGP,2021,2026,0.9555371932058958,0.9165521,-0.039
Solomon Islands,SLB,2017,2022,0.5717684167508731,0.6441034,0.0723
Solomon Islands,SLB,2018,2023,0.5748177515816063,0.6441034,0.0693
Solomon Islands,SLB,2019,2024,0.5746779709060469,0.6441034,0.0694
Solomon Islands,SLB,2020,2025,0.5685066037808317,0.6441034,0.0756
Solomon Islands,SLB,2021,2026,0.5664612701110938,0.6441034,0.0776
Sierra Leone,SLE,2017,2022,0.4579713350562076,0.5397306,0.0818
Sierra Leone,SLE,2018,2023,0.467035391806428,0.5397306,0.0727
Sierra Leone,SLE,2019,2024,0.4693608172820189,0.5397306,0.0704
Sierra Leone,SLE,2020,2025,0.4698910899100476,0.5397306,0.0698
Sierra Leone,SLE,2021,2026,0.4742499607708687,0.5397306,0.0655
El Salvador,SLV,2017,2022,0.6759240344779062,0.762076,0.0862
El Salvador,SLV,2018,2023,0.6796946980899904,0.762076,0.0824
El Salvador,SLV,2019,2024,0.6824833220302643,0.762076,0.0796
El Salvador,SLV,2020,2025,0.672757579689165,0.762076,0.0893
El Salvador,SLV,2021,2026,0.6771567692167478,0.762076,0.0849
Serbia,SRB,2017,2022,0.791678611275921,0.81489706,0.0232
Serbia,SRB,2018,2023,0.7975214912598334,0.81489706,0.0174
Serbia,SRB,2019,2024,0.7967619699293614,0.81489706,0.0181
Serbia,SRB,2020,2025,0.7918063746541796,0.81489706,0.0231
Serbia,SRB,2021,2026,0.7909795344965929,0.81489706,0.0239
Suriname,SUR,2017,2022,0.7117749613041848,0.7732959,0.0615
Suriname,SUR,2018,2023,0.7317787507012653,0.7732959,0.0415
Suriname,SUR,2019,2024,0.7329549273575536,0.7732959,0.0403
Suriname,SUR,2020,2025,0.7226225972199437,0.7732959,0.0507
Suriname,SUR,2021,2026,0.7094418455732602,0.7732959,0.0639
Slovak Republic,SVK,2017,2022,0.8232408641147817,0.84059864,0.0174
Slovak Republic,SVK,2018,2023,0.8286344318197488,0.84059864,0.012
Slovak Republic,SVK,2019,2024,0.8301202798655787,0.84059864,0.0105
Slovak Republic,SVK,2020,2025,0.8271355993442205,0.84059864,0.0135
Slovak Republic,SVK,2021,2026,0.8213164352551803,0.84059864,0.0193
Slovenia,SVN,2017,2022,0.9117534203795598,0.89473283,-0.017
Slovenia,SVN,2018,2023,0.9173977515350552,0.89473283,-0.0227
Slovenia,SVN,2019,2024,0.917974430241853,0.89473283,-0.0232
Slovenia,SVN,2020,2025,0.9128063369249088,0.89473283,-0.0181
Slovenia,SVN,2021,2026,0.9188433452319122,0.89473283,-0.0241
Sweden,SWE,2017,2022,0.9498903336812982,0.92216897,-0.0277
Sweden,SWE,2018,2023,0.9511480424105672,0.92216897,-0.029
Sweden,SWE,2019,2024,0.951921028658965,0.92216897,-0.0298
Sweden,SWE,2020,2025,0.9491783414341204,0.92216897,-0.027
Sweden,SWE,2021,2026,0.9578758156612024,0.92216897,-0.0357
Eswatini,SWZ,2017,2022,0.6479827213010682,0.65999377,0.012
Eswatini,SWZ,2018,2023,0.654308845883157,0.65999377,0.0057
Eswatini,SWZ,2019,2024,0.6589190111820528,0.65999377,0.0011
Eswatini,SWZ,2020,2025,0.6542980186830755,0.65999377,0.0057
Eswatini,SWZ,2021,2026,0.6522428605684681,0.65999377,0.0078
Seychelles,SYC,2017,2022,0.7787085997630673,0.7859829,0.0073
Seychelles,SYC,2018,2023,0.7746918574669067,0.7859829,0.0113
Seychelles,SYC,2019,2024,0.772581829706671,0.7859829,0.0134
Seychelles,SYC,2020,2025,0.7751171145174132,0.7859829,0.0109
Seychelles,SYC,2021,2026,0.7601812716532715,0.7859829,0.0258
Syrian Arab Republic,SYR,2017,2022,0.5313878639757622,0.65160954,0.1202
Syrian Arab Republic,SYR,2018,2023,0.549006327768255,0.65160954,0.1026
Syrian Arab Republic,SYR,2019,2024,0.5657569766077778,0.65160954,0.0859
Syrian Arab Republic,SYR,2020,2025,0.5446668638725032,0.65160954,0.1069
Syrian Arab Republic,SYR,2021,2026,0.5525207040297971,0.65160954,0.0991
Chad,TCD,2017,2022,0.3676118294906521,0.4504908,0.0829
Chad,TCD,2018,2023,0.3727454308178091,0.4504908,0.0777
Chad,TCD,2019,2024,0.3740062287770978,0.4504908,0.0765
Chad,TCD,2020,2025,0.3732546127607885,0.4504908,0.0772
Chad,TCD,2021,2026,0.3768787550683813,0.4504908,0.0736
Togo,TGO,2017,2022,0.5332051777651016,0.6237149,0.0905
Togo,TGO,2018,2023,0.5380600738717342,0.6237149,0.0857
Togo,TGO,2019,2024,0.5389795688800297,0.6237149,0.0847
Togo,TGO,2020,2025,0.5409867298718335,0.6237149,0.0827
Togo,TGO,2021,2026,0.5460869026479448,0.6237149,0.0776
Thailand,THA,2017,2022,0.8436064805269892,0.8589018,0.0153
Thailand,THA,2018,2023,0.8484449597283944,0.8589018,0.0105
Thailand,THA,2019,2024,0.8511330457398304,0.8589018,0.0078
Thailand,THA,2020,2025,0.8484601230897102,0.8589018,0.0104
Thailand,THA,2021,2026,0.8501027317520146,0.8589018,0.0088
Tajikistan,TJK,2017,2022,0.6669416637600012,0.72586024,0.0589
Tajikistan,TJK,2018,2023,0.6681331783986094,0.72586024,0.0577
Tajikistan,TJK,2019,2024,0.6708163760523657,0.72586024,0.055
Tajikistan,TJK,2020,2025,0.6584488076016449,0.72586024,0.0674
Tajikistan,TJK,2021,2026,0.6657238204545323,0.72586024,0.0601
Tonga,TON,2017,2022,0.7773331981789994,0.78692716,0.0096
Tonga,TON,2018,2023,0.7804407426499393,0.78692716,0.0065
Tonga,TON,2019,2024,0.7819274296107115,0.78692716,0.005
Tonga,TON,2020,2025,0.7823510551190603,0.78692716,0.0046
Tonga,TON,2021,2026,0.7822561320906894,0.78692716,0.0047
Trinidad and Tobago,TTO,2017,2022,0.786394956507316,0.8220455,0.0357
Trinidad and Tobago,TTO,2018,2023,0.7849258326498187,0.8220455,0.0371
Trinidad and Tobago,TTO,2019,2024,0.784938078305725,0.8220455,0.0371
Trinidad and Tobago,TTO,2020,2025,0.7794832713299834,0.8220455,0.0426
Trinidad and Tobago,TTO,2021,2026,0.7782065724039859,0.8220455,0.0438
Tunisia,TUN,2017,2022,0.7587890479217978,0.7967355,0.0379
Tunisia,TUN,2018,2023,0.7597624175427923,0.7967355,0.037
Tunisia,TUN,2019,2024,0.7597327341332897,0.7967355,0.037
Tunisia,TUN,2020,2025,0.7572453957558524,0.7967355,0.0395
Tunisia,TUN,2021,2026,0.7513666373531492,0.7967355,0.0454
Turkiye,TUR,2017,2022,0.8510320072093375,0.8615666,0.0105
Turkiye,TUR,2018,2023,0.8440591513221453,0.8615666,0.0175
Turkiye,TUR,2019,2024,0.8441760774648062,0.8615666,0.0174
Turkiye,TUR,2020,2025,0.8361360498522005,0.8615666,0.0254
Turkiye,TUR,2021,2026,0.8373591081309296,0.8615666,0.0242
Tanzania,TZA,2017,2022,0.4538239976498162,0.53685755,0.083
Tanzania,TZA,2018,2023,0.4642490300025543,0.53685755,0.0726
Tanzania,TZA,2019,2024,0.4763742337334979,0.53685755,0.0605
Tanzania,TZA,2020,2025,0.481758317614001,0.53685755,0.0551
Tanzania,TZA,2021,2026,0.4802883472016828,0.53685755,0.0566
Uganda,UGA,2017,2022,0.4363723669617655,0.50528103,0.0689
Uganda,UGA,2018,2023,0.4404366770826031,0.50528103,0.0648
Uganda,UGA,2019,2024,0.4445001161663573,0.50528103,0.0608
Uganda,UGA,2020,2025,0.4458452399221826,0.50528103,0.0594
Uganda,UGA,2021,2026,0.4476786803757487,0.50528103,0.0576
Ukraine,UKR,2017,2022,0.7506833519090249,0.8164844,0.0658
Ukraine,UKR,2018,2023,0.7549666457006907,0.8164844,0.0615
Ukraine,UKR,2019,2024,0.7630559521313257,0.8164844,0.0534
Ukraine,UKR,2020,2025,0.7611087536981337,0.8164844,0.0554
Ukraine,UKR,2021,2026,0.7633514984258891,0.8164844,0.0531
Uruguay,URY,2017,2022,0.888751014083172,0.8871525,-0.0016
Uruguay,URY,2018,2023,0.8884687290812598,0.8871525,-0.0013
Uruguay,URY,2019,2024,0.88643979899935,0.8871525,0.0007
Uruguay,URY,2020,2025,0.8846225256990069,0.8871525,0.0025
Uruguay,URY,2021,2026,0.8761152592224702,0.8871525,0.011
United States,USA,2017,2022,0.901559679714025,0.89716583,-0.0044
United States,USA,2018,2023,0.9048531408452332,0.89716583,-0.0077
United States,USA,2019,2024,0.9068919653872572,0.89716583,-0.0097
United States,USA,2020,2025,0.8979409766431846,0.89716583,-0.0008
United States,USA,2021,2026,0.8988469720921702,0.89716583,-0.0017
Uzbekistan,UZB,2017,2022,0.7252896791516799,0.79717267,0.0719
Uzbekistan,UZB,2018,2023,0.7244380372317547,0.79717267,0.0727
Uzbekistan,UZB,2019,2024,0.7371726506286308,0.79717267,0.06
Uzbekistan,UZB,2020,2025,0.7330902522107898,0.79717267,0.0641
Uzbekistan,UZB,2021,2026,0.739200376257361,0.79717267,0.058
St. Vincent and the Grenadines,VCT,2017,2022,0.8205587089650089,0.82067454,0.0001
St. Vincent and the Grenadines,VCT,2018,2023,0.8181966789663492,0.82067454,0.0025
St. Vincent and the Grenadines,VCT,2019,2024,0.819497022501671,0.82067454,0.0012
St. Vincent and the Grenadines,VCT,2020,2025,0.8114282834132976,0.82067454,0.0092
St. Vincent and the Grenadines,VCT,2021,2026,0.8105971608989284,0.82067454,0.0101
"Venezuela, RB",VEN,2017,2022,0.7304756953349661,0.80299217,0.0725
"Venezuela, RB",VEN,2018,2023,0.7298811593372649,0.80299217,0.0731
"Venezuela, RB",VEN,2019,2024,0.7186845725658347,0.80299217,0.0843
"Venezuela, RB",VEN,2020,2025,0.6969761363925286,0.80299217,0.106
"Venezuela, RB",VEN,2021,2026,0.704228491624653,0.80299217,0.0988
Viet Nam,VNM,2017,2022,0.6356629976926956,0.7079046,0.0722
Viet Nam,VNM,2018,2023,0.6393259096203918,0.7079046,0.0686
Viet Nam,VNM,2019,2024,0.6423625701872785,0.7079046,0.0655
Viet Nam,VNM,2020,2025,0.6487173532795439,0.7079046,0.0592
Viet Nam,VNM,2021,2026,0.6449076357425668,0.7079046,0.063
Vanuatu,VUT,2017,2022,0.6093149641552983,0.6538065,0.0445
Vanuatu,VUT,2018,2023,0.6104545818921355,0.6538065,0.0434
Vanuatu,VUT,2019,2024,0.6111773084719858,0.6538065,0.0426
Vanuatu,VUT,2020,2025,0.6073384269029174,0.6538065,0.0465
Vanuatu,VUT,2021,2026,0.6061770830778505,0.6538065,0.0476
Samoa,WSM,2017,2022,0.747741115988768,0.7731094,0.0254
Samoa,WSM,2018,2023,0.747333383954051,0.7731094,0.0258
Samoa,WSM,2019,2024,0.7448563751922898,0.7731094,0.0283
Samoa,WSM,2020,2025,0.7446321523404572,0.7731094,0.0285
Samoa,WSM,2021,2026,0.7455669133331847,0.7731094,0.0275
"Yemen, Rep.",YEM,2017,2022,0.5331656212042063,0.5932932,0.0601
"Yemen, Rep.",YEM,2018,2023,0.518187164542582,0.5932932,0.0751
"Yemen, Rep.",YEM,2019,2024,0.5211491307774572,0.5932932,0.0721
"Yemen, Rep.",YEM,2020,2025,0.520549468901685,0.5932932,0.0727
"Yemen, Rep.",YEM,2021,2026,0.5186596254144026,0.5932932,0.0746
South Africa,ZAF,2017,2022,0.7754072067719112,0.7933283,0.0179
South Africa,ZAF,2018,2023,0.7651562958338309,0.7933283,0.0282
South Africa,ZAF,2019,2024,0.7645394888844114,0.7933283,0.0288
South Africa,ZAF,2020,2025,0.7542709264884823,0.7933283,0.0391
South Africa,ZAF,2021,2026,0.7477951818038849,0.7933283,0.0455
Zambia,ZMB,2017,2022,0.4305219637452658,0.52881175,0.0983
Zambia,ZMB,2018,2023,0.4326175079139936,0.52881175,0.0962
Zambia,ZMB,2019,2024,0.4303270788882135,0.52881175,0.0985
Zambia,ZMB,2020,2025,0.4215660697534139,0.52881175,0.1072
Zambia,ZMB,2021,2026,0.4235587453315022,0.52881175,0.1053
Zimbabwe,ZWE,2017,2022,0.5604243713138293,0.6117373,0.0513
Zimbabwe,ZWE,2018,2023,0.547261807532368,0.6117373,0.0645
Zimbabwe,ZWE,2019,2024,0.5464620824453992,0.6117373,0.0653
Zimbabwe,ZWE,2020,2025,0.5463304434145614,0.6117373,0.0654
Zimbabwe,ZWE,2021,2026,0.5491817685294019,0.6117373,0.0626
