country_name,country_code,base_year,forecast_year,current_hdi,forecast_hdi,hdi_change,change_pct
Angola,AGO,2017,2022,0.5552212058827873,0.5995125,0.0443,7.98
Angola,AGO,2018,2023,0.5584400196879454,0.59999704,0.0416,7.45
Angola,AGO,2019,2024,0.5550997278015313,0.6021825,0.0471,8.48
Angola,AGO,2020,2025,0.5419391533431853,0.5863952,0.0445,8.21
Angola,AGO,2021,2026,0.5516236442996302,0.5791465,0.0275,4.99
Albania,ALB,2017,2022,0.7958587983720112,0.8193283,0.0235,2.95
Albania,ALB,2018,2023,0.8042462250257882,0.81901735,0.0148,1.84
Albania,ALB,2019,2024,0.8052945771548803,0.82720155,0.0219,2.72
Albania,ALB,2020,2025,0.7975656842601008,0.8233663,0.0258,3.23
Albania,ALB,2021,2026,0.8001970234390209,0.8176597,0.0175,2.19
United Arab Emirates,ARE,2017,2022,0.926149803029678,0.93256444,0.0064,0.69
United Arab Emirates,ARE,2018,2023,0.9293178553610144,0.9299243,0.0006,0.06
United Arab Emirates,ARE,2019,2024,0.9289931160185496,0.93498343,0.006,0.65
United Arab Emirates,ARE,2020,2025,0.918664393926294,0.9291448,0.0105,1.14
United Arab Emirates,ARE,2021,2026,0.9114737090570538,0.92746675,0.016,1.76
Argentina,ARG,2017,2022,0.8691205811425541,0.87717426,0.0081,0.93
Argentina,ARG,2018,2023,0.8619589065759535,0.87378335,0.0118,1.37
Argentina,ARG,2019,2024,0.8559056935891811,0.8530418,-0.0029,-0.34
Argentina,ARG,2020,2025,0.8455634725210891,0.86204815,0.0165,1.95
Argentina,ARG,2021,2026,0.8456540184395566,0.8507178,0.0051,0.6
Armenia,ARM,2017,2022,0.7397252944331622,0.7539342,0.0142,1.92
Armenia,ARM,2018,2023,0.7356004327537388,0.745332,0.0097,1.32
Armenia,ARM,2019,2024,0.7524280932924062,0.76578623,0.0134,1.78
Armenia,ARM,2020,2025,0.7366363499642334,0.74304783,0.0064,0.87
Armenia,ARM,2021,2026,0.7352426058586504,0.75100607,0.0158,2.15
Australia,AUS,2017,2022,0.9509528497951152,0.9518327,0.0009,0.09
Australia,AUS,2018,2023,0.9543625222750476,0.94847804,-0.0059,-0.62
Australia,AUS,2019,2024,0.9535306787781213,0.9481909,-0.0053,-0.56
Australia,AUS,2020,2025,0.9525801150643506,0.9467662,-0.0058,-0.61
Australia,AUS,2021,2026,0.9590546412275218,0.9499999,-0.0091,-0.95
Austria,AUT,2017,2022,0.9113909632501996,0.92531186,0.0139,1.53
Austria,AUT,2018,2023,0.9131949405860212,0.9300204,0.0168,1.84
Austria,AUT,2019,2024,0.9131156486808282,0.9289678,0.0159,1.74
Austria,AUT,2020,2025,0.9090089232198796,0.9227368,0.0137,1.51
Austria,AUT,2021,2026,0.9127198691720968,0.9320772,0.0194,2.13
Azerbaijan,AZE,2017,2022,0.6922684130508826,0.713663,0.0214,3.09
Azerbaijan,AZE,2018,2023,0.7645172253252959,0.7758897,0.0114,1.49
Azerbaijan,AZE,2019,2024,0.7672350385615164,0.7706926,0.0035,0.46
Azerbaijan,AZE,2020,2025,0.748781416639417,0.75964653,0.0109,1.46
Azerbaijan,AZE,2021,2026,0.7613834205013553,0.76507866,0.0037,0.49
Burundi,BDI,2017,2022,0.4535993180077891,0.501835,0.0482,10.63
Burundi,BDI,2018,2023,0.4531198601137223,0.50611454,0.053,11.7
Burundi,BDI,2019,2024,0.4422677023944866,0.5101118,0.0678,15.33
Burundi,BDI,2020,2025,0.4474126153272001,0.51275355,0.0653,14.6
Burundi,BDI,2021,2026,0.4466373078349097,0.5062704,0.0596,13.34
Belgium,BEL,2017,2022,0.9384199158765808,0.94196796,0.0035,0.37
Belgium,BEL,2018,2023,0.9417979101336564,0.94036925,-0.0014,-0.15
Belgium,BEL,2019,2024,0.9429836546641348,0.94230527,-0.0007,-0.07
Belgium,BEL,2020,2025,0.9364025770115402,0.9413638,0.005,0.53
Belgium,BEL,2021,2026,0.9459335365234376,0.9423432,-0.0036,-0.38
Benin,BEN,2017,2022,0.5325459687460765,0.5847116,0.0522,9.8
Benin,BEN,2018,2023,0.5367567315525436,0.5984304,0.0617,11.49
Benin,BEN,2019,2024,0.5368585243963636,0.5983642,0.0615,11.46
Benin,BEN,2020,2025,0.5403628705260921,0.5954748,0.0551,10.2
Benin,BEN,2021,2026,0.5415214405979629,0.5936163,0.0521,9.62
Burkina Faso,BFA,2017,2022,0.4508883144285167,0.49798685,0.0471,10.45
Burkina Faso,BFA,2018,2023,0.4644737120855368,0.5099012,0.0454,9.77
Burkina Faso,BFA,2019,2024,0.4667195117435762,0.5062595,0.0395,8.46
Burkina Faso,BFA,2020,2025,0.4708751097798027,0.50968,0.0388,8.24
Burkina Faso,BFA,2021,2026,0.4721731100717459,0.510864,0.0387,8.2
Bangladesh,BGD,2017,2022,0.6420441449384926,0.6935768,0.0515,8.02
Bangladesh,BGD,2018,2023,0.6571706252677414,0.696131,0.039,5.93
Bangladesh,BGD,2019,2024,0.6621362225303522,0.7016828,0.0395,5.97
Bangladesh,BGD,2020,2025,0.6587648621117107,0.7047113,0.0459,6.97
Bangladesh,BGD,2021,2026,0.6611390124832649,0.6983807,0.0372,5.63
Bulgaria,BGR,2017,2022,0.8078911916398278,0.8242136,0.0163,2.02
Bulgaria,BGR,2018,2023,0.8090356333201375,0.8240926,0.0151,1.87
Bulgaria,BGR,2019,2024,0.8116386485312872,0.82761735,0.016,1.97
Bulgaria,BGR,2020,2025,0.8051470071364325,0.8042434,-0.0009,-0.11
Bulgaria,BGR,2021,2026,0.8026043006961247,0.8098093,0.0072,0.9
Bahrain,BHR,2017,2022,0.886502237647209,0.8985061,0.012,1.35
Bahrain,BHR,2018,2023,0.8773845036813981,0.9001964,0.0228,2.6
Bahrain,BHR,2019,2024,0.8742705376353062,0.8952303,0.021,2.4
Bahrain,BHR,2020,2025,0.8617801142847924,0.8911005,0.0293,3.4
Bahrain,BHR,2021,2026,0.8632633083340355,0.8921879,0.0289,3.35
"Bahamas, The",BHS,2017,2022,0.794581452458402,0.79124105,-0.0033,-0.42
"Bahamas, The",BHS,2018,2023,0.7641808884243,0.78352743,0.0193,2.53
"Bahamas, The",BHS,2019,2024,0.7532863297821542,0.7609509,0.0077,1.02
"Bahamas, The",BHS,2020,2025,0.7508129529714259,0.7489501,-0.0019,-0.25
"Bahamas, The",BHS,2021,2026,0.7463564773901766,0.7497138,0.0034,0.46
Bosnia and Herzegovina,BIH,2017,2022,0.7466920280590763,0.76413935,0.0174,2.33
Bosnia and Herzegovina,BIH,2018,2023,0.7539894787984429,0.77084506,0.0169,2.24
Bosnia and Herzegovina,BIH,2019,2024,0.751972598295362,0.7732944,0.0213,2.83
Bosnia and Herzegovina,BIH,2020,2025,0.7458715113376445,0.77321035,0.0273,3.66
Bosnia and Herzegovina,BIH,2021,2026,0.7458939720822172,0.778106,0.0322,4.32
Belarus,BLR,2017,2022,0.8060056428630844,0.79132146,-0.0147,-1.82
Belarus,BLR,2018,2023,0.80645292270586,0.8002435,-0.0062,-0.77
Belarus,BLR,2019,2024,0.8094805279381584,0.80175614,-0.0077,-0.95
Belarus,BLR,2020,2025,0.7982924163671495,0.8062416,0.0079,0.99
Belarus,BLR,2021,2026,0.8032032409417657,0.8069585,0.0038,0.47
Belize,BLZ,2017,2022,0.736527637430445,0.7591319,0.0226,3.07
Belize,BLZ,2018,2023,0.741565136341083,0.76376164,0.0222,2.99
Belize,BLZ,2019,2024,0.7469580878612327,0.7663603,0.0194,2.6
Belize,BLZ,2020,2025,0.7361035633195673,0.75970626,0.0236,3.21
Belize,BLZ,2021,2026,0.7392374874103865,0.76840293,0.0292,3.95
Bolivia,BOL,2017,2022,0.7202288957353483,0.7465555,0.0263,3.65
Bolivia,BOL,2018,2023,0.7206304802239135,0.74812233,0.0275,3.82
Bolivia,BOL,2019,2024,0.7211462152280315,0.7486603,0.0275,3.81
Bolivia,BOL,2020,2025,0.6926410447565692,0.72073567,0.0281,4.06
Bolivia,BOL,2021,2026,0.6902955961188194,0.71994114,0.0296,4.29
Brazil,BRA,2017,2022,0.8068819152236774,0.82500166,0.0181,2.24
Brazil,BRA,2018,2023,0.8049103701005839,0.8294455,0.0245,3.04
Brazil,BRA,2019,2024,0.8045695049404262,0.8274659,0.0229,2.85
Brazil,BRA,2020,2025,0.789231047768521,0.8134407,0.0242,3.07
Brazil,BRA,2021,2026,0.7871754529640901,0.79916465,0.012,1.52
Barbados,BRB,2017,2022,0.8729453925987469,0.87545043,0.0025,0.29
Barbados,BRB,2018,2023,0.8672717090127207,0.8791464,0.0119,1.37
Barbados,BRB,2019,2024,0.8655790165428666,0.87569,0.0101,1.17
Barbados,BRB,2020,2025,0.8611591334273608,0.87380075,0.0126,1.46
Barbados,BRB,2021,2026,0.8644702657548796,0.87631696,0.0118,1.36
Brunei Darussalam,BRN,2017,2022,0.8369428599655038,0.86070347,0.0238,2.84
Brunei Darussalam,BRN,2018,2023,0.8427804986166313,0.874171,0.0314,3.73
Brunei Darussalam,BRN,2019,2024,0.837921019016664,0.8570114,0.0191,2.28
Brunei Darussalam,BRN,2020,2025,0.8333676795403174,0.8591612,0.0258,3.1
Brunei Darussalam,BRN,2021,2026,0.8378325427741101,0.8597057,0.0219,2.61
Bhutan,BTN,2017,2022,0.7237784145911449,0.74762297,0.0238,3.29
Bhutan,BTN,2018,2023,0.7318211160260194,0.7483508,0.0165,2.25
Bhutan,BTN,2019,2024,0.7351112043820144,0.7507412,0.0156,2.12
Bhutan,BTN,2020,2025,0.7318413790726681,0.7427541,0.0109,1.49
Bhutan,BTN,2021,2026,0.7370560409444286,0.7613549,0.0243,3.3
Botswana,BWA,2017,2022,0.6992997626730107,0.72293025,0.0236,3.37
Botswana,BWA,2018,2023,0.7052316044276452,0.7252212,0.02,2.84
Botswana,BWA,2019,2024,0.7075990668672146,0.72891605,0.0213,3.01
Botswana,BWA,2020,2025,0.7049009426298912,0.7314985,0.0266,3.77
Botswana,BWA,2021,2026,0.6933230400170681,0.7210919,0.0278,4.01
Central African Republic,CAF,2017,2022,0.2998996599808524,0.32962212,0.0297,9.9
Central African Republic,CAF,2018,2023,0.333988994638534,0.38011616,0.0461,13.8
Central African Republic,CAF,2019,2024,0.2391344848507758,0.3023046,0.0632,26.43
Central African Republic,CAF,2020,2025,0.3269020626956767,0.36571643,0.0388,11.87
Central African Republic,CAF,2021,2026,0.2824034897370622,0.31700894,0.0346,12.25
Canada,CAN,2017,2022,0.9408221106391388,0.94361264,0.0028,0.3
Canada,CAN,2018,2023,0.941990252143262,0.94362843,0.0016,0.17
Canada,CAN,2019,2024,0.9434476144372342,0.94276834,-0.0007,-0.07
Canada,CAN,2020,2025,0.9381742185163991,0.94355965,0.0054,0.58
Canada,CAN,2021,2026,0.9455984622471596,0.94730186,0.0017,0.18
Switzerland,CHE,2017,2022,0.9479865611630026,0.9458639,-0.0021,-0.22
Switzerland,CHE,2018,2023,0.9505368674118068,0.94713753,-0.0034,-0.36
Switzerland,CHE,2019,2024,0.9507245081135222,0.94566673,-0.0051,-0.54
Switzerland,CHE,2020,2025,0.9474200093944024,0.9479723,0.0006,0.06
Switzerland,CHE,2021,2026,0.9541736133786928,0.9438858,-0.0103,-1.08
Chile,CHL,2017,2022,0.8665503934562904,0.8892127,0.0227,2.62
Chile,CHL,2018,2023,0.8699949962475654,0.89943385,0.0294,3.38
Chile,CHL,2019,2024,0.8659471899062902,0.890463,0.0245,2.83
Chile,CHL,2020,2025,0.8576543916805393,0.8936935,0.036,4.2
Chile,CHL,2021,2026,0.8636752038878889,0.89654094,0.0329,3.81
China,CHN,2017,2022,0.7882774251284386,0.8140744,0.0258,3.27
China,CHN,2018,2023,0.7949131227044073,0.8175591,0.0226,2.84
China,CHN,2019,2024,0.7969344628232456,0.81224495,0.0153,1.92
China,CHN,2020,2025,0.7983407620791,0.82015264,0.0218,2.73
China,CHN,2021,2026,0.8062268549703492,0.8251993,0.019,2.36
Cote d'Ivoire,CIV,2017,2022,0.5218448101185407,0.57109606,0.0493,9.45
Cote d'Ivoire,CIV,2018,2023,0.53537234280954,0.56976277,0.0344,6.43
Cote d'Ivoire,CIV,2019,2024,0.5491544183091491,0.58457047,0.0354,6.45
Cote d'Ivoire,CIV,2020,2025,0.5492234260186482,0.58095795,0.0317,5.77
Cote d'Ivoire,CIV,2021,2026,0.5545082276880468,0.5876648,0.0332,5.99
Cameroon,CMR,2017,2022,0.5551047011405771,0.5979304,0.0428,7.71
Cameroon,CMR,2018,2023,0.5596415845039339,0.60354793,0.0439,7.84
Cameroon,CMR,2019,2024,0.5605885706232422,0.6018163,0.0412,7.35
Cameroon,CMR,2020,2025,0.5605025209755813,0.60536253,0.0449,8.01
Cameroon,CMR,2021,2026,0.5608945629421243,0.60594094,0.045,8.02
"Congo, Dem. Rep.",COD,2017,2022,0.4569402777932449,0.50068635,0.0437,9.56
"Congo, Dem. Rep.",COD,2018,2023,0.4659875019811847,0.5048954,0.0389,8.35
"Congo, Dem. Rep.",COD,2019,2024,0.4663553702530112,0.5018322,0.0355,7.61
"Congo, Dem. Rep.",COD,2020,2025,0.4658329660741575,0.50264746,0.0368,7.9
"Congo, Dem. Rep.",COD,2021,2026,0.4718981301420874,0.5090361,0.0371,7.86
"Congo, Rep.",COG,2017,2022,0.5618149969206795,0.6184025,0.0566,10.07
"Congo, Rep.",COG,2018,2023,0.5706547368059655,0.61296034,0.0423,7.41
"Congo, Rep.",COG,2019,2024,0.5615895306691436,0.60664713,0.0451,8.03
"Congo, Rep.",COG,2020,2025,0.5586649819146128,0.6121764,0.0535,9.58
"Congo, Rep.",COG,2021,2026,0.566741796344487,0.6121557,0.0454,8.01
Colombia,COL,2017,2022,0.7960139160838043,0.81450963,0.0185,2.32
Colombia,COL,2018,2023,0.8043543272679868,0.81372,0.0094,1.17
Colombia,COL,2019,2024,0.8033258423546193,0.8155293,0.0122,1.52
Colombia,COL,2020,2025,0.7866520319645266,0.7961809,0.0095,1.21
Colombia,COL,2021,2026,0.7832031404609259,0.79188854,0.0087,1.11
Cabo Verde,CPV,2017,2022,0.7587721071874935,0.76589376,0.0071,0.94
Cabo Verde,CPV,2018,2023,0.7488791940820488,0.76479614,0.0159,2.12
Cabo Verde,CPV,2019,2024,0.752409186472775,0.769678,0.0173,2.3
Cabo Verde,CPV,2020,2025,0.7367688103363408,0.7500392,0.0133,1.81
Cabo Verde,CPV,2021,2026,0.7439675774481217,0.76269776,0.0187,2.51
Costa Rica,CRI,2017,2022,0.88244378567759,0.89651847,0.0141,1.6
Costa Rica,CRI,2018,2023,0.8837264101541858,0.8949431,0.0112,1.27
Costa Rica,CRI,2019,2024,0.8855543666365654,0.8931303,0.0076,0.86
Costa Rica,CRI,2020,2025,0.8814621245822786,0.8897993,0.0083,0.94
Costa Rica,CRI,2021,2026,0.8752112986926558,0.89478993,0.0196,2.24
Cyprus,CYP,2017,2022,0.8879242311589571,0.9039524,0.016,1.8
Cyprus,CYP,2018,2023,0.8917405477350121,0.91435456,0.0226,2.53
Cyprus,CYP,2019,2024,0.8914184553648861,0.9110628,0.0196,2.2
Cyprus,CYP,2020,2025,0.8889246407159351,0.9145404,0.0256,2.88
Cyprus,CYP,2021,2026,0.8920290022050228,0.9155742,0.0235,2.63
Czechia,CZE,2017,2022,0.8775537975740907,0.8909297,0.0134,1.53
Czechia,CZE,2018,2023,0.8788265869844752,0.89486,0.016,1.82
Czechia,CZE,2019,2024,0.88031168547063,0.89578545,0.0155,1.76
Czechia,CZE,2020,2025,0.8747999240783327,0.89129084,0.0165,1.89
Czechia,CZE,2021,2026,0.8766204678480695,0.8910084,0.0144,1.64
Germany,DEU,2017,2022,0.9005835317237527,0.91618973,0.0156,1.73
Germany,DEU,2018,2023,0.9002823291224898,0.91511154,0.0148,1.64
Germany,DEU,2019,2024,0.9010923641539966,0.91590345,0.0148,1.64
Germany,DEU,2020,2025,0.8997388850161921,0.9167647,0.017,1.89
Germany,DEU,2021,2026,0.9024347801661096,0.9238783,0.0214,2.37
Djibouti,DJI,2017,2022,0.5510040670656481,0.58952147,0.0385,6.99
Djibouti,DJI,2018,2023,0.5657137492437563,0.60192764,0.0362,6.4
Djibouti,DJI,2019,2024,0.5702532007031099,0.603541,0.0333,5.84
Djibouti,DJI,2020,2025,0.578186585678604,0.61738425,0.0392,6.78
Djibouti,DJI,2021,2026,0.5788857655368357,0.6163986,0.0375,6.48
Denmark,DNK,2017,2022,0.946958170710662,0.94311255,-0.0038,-0.4
Denmark,DNK,2018,2023,0.9487532368495816,0.946481,-0.0023,-0.24
Denmark,DNK,2019,2024,0.949785622149692,0.9475688,-0.0022,-0.23
Denmark,DNK,2020,2025,0.9514864625309206,0.94554377,-0.0059,-0.62
Denmark,DNK,2021,2026,0.9555443368026608,0.94787174,-0.0077,-0.81
Dominican Republic,DOM,2017,2022,0.7364880382142274,0.7428021,0.0063,0.86
Dominican Republic,DOM,2018,2023,0.74033588777364,0.74193925,0.0016,0.22
Dominican Republic,DOM,2019,2024,0.7450286651803294,0.7537577,0.0087,1.17
Dominican Republic,DOM,2020,2025,0.7375787741428491,0.7491526,0.0116,1.57
Dominican Republic,DOM,2021,2026,0.7404624090996744,0.7598271,0.0194,2.62
Algeria,DZA,2017,2022,0.7902845877996646,0.7933605,0.0031,0.39
Algeria,DZA,2018,2023,0.7910384140732455,0.79079825,-0.0002,-0.03
Algeria,DZA,2019,2024,0.7906874624188039,0.79544663,0.0048,0.61
Algeria,DZA,2020,2025,0.7728409356981031,0.77626014,0.0034,0.44
Algeria,DZA,2021,2026,0.7857793724209827,0.7869632,0.0012,0.15
Ecuador,ECU,2017,2022,0.8141963875327125,0.8203148,0.0061,0.75
Ecuador,ECU,2018,2023,0.8168748233829121,0.82539713,0.0085,1.04
Ecuador,ECU,2019,2024,0.8164374905429881,0.8261156,0.0097,1.19
Ecuador,ECU,2020,2025,0.7875316332947851,0.7899583,0.0024,0.3
Ecuador,ECU,2021,2026,0.7949083738660384,0.79572237,0.0008,0.1
"Egypt, Arab Rep.",EGY,2017,2022,0.7029964078148404,0.7356573,0.0327,4.65
"Egypt, Arab Rep.",EGY,2018,2023,0.7094241805402935,0.74682134,0.0374,5.27
"Egypt, Arab Rep.",EGY,2019,2024,0.7222950365650367,0.7480491,0.0258,3.57
"Egypt, Arab Rep.",EGY,2020,2025,0.7223793585607202,0.754017,0.0316,4.37
"Egypt, Arab Rep.",EGY,2021,2026,0.7220089737261582,0.7545342,0.0325,4.5
Spain,ESP,2017,2022,0.9296000981512864,0.93374014,0.0041,0.44
Spain,ESP,2018,2023,0.9331839068424426,0.93751174,0.0043,0.46
Spain,ESP,2019,2024,0.9339581480239464,0.93627346,0.0023,0.25
Spain,ESP,2020,2025,0.923231848908291,0.9308072,0.0076,0.82
Spain,ESP,2021,2026,0.9322792800157992,0.93778676,0.0055,0.59
Estonia,EST,2017,2022,0.8941228750571576,0.9145076,0.0204,2.28
Estonia,EST,2018,2023,0.8996180872976268,0.92055726,0.0209,2.32
Estonia,EST,2019,2024,0.902099475444166,0.92295164,0.0209,2.32
Estonia,EST,2020,2025,0.9017263470389718,0.9231095,0.0214,2.37
Estonia,EST,2021,2026,0.9002131476875336,0.91581994,0.0156,1.73
Ethiopia,ETH,2017,2022,0.4636484950174975,0.5129469,0.0493,10.63
Ethiopia,ETH,2018,2023,0.4682068366797197,0.516021,0.0478,10.21
Ethiopia,ETH,2019,2024,0.473110359891149,0.5206178,0.0475,10.04
Ethiopia,ETH,2020,2025,0.4758712886103873,0.5142766,0.0384,8.07
Ethiopia,ETH,2021,2026,0.4757988712129684,0.51300263,0.0372,7.82
Finland,FIN,2017,2022,0.9408073529839204,0.93955857,-0.0012,-0.13
Finland,FIN,2018,2023,0.9441516882941292,0.9395003,-0.0047,-0.5
Finland,FIN,2019,2024,0.9442611130771448,0.94172823,-0.0025,-0.26
Finland,FIN,2020,2025,0.9444021167729644,0.9418449,-0.0026,-0.28
Finland,FIN,2021,2026,0.9474274267954492,0.94717973,-0.0002,-0.02
Fiji,FJI,2017,2022,0.7307992161670555,0.74434876,0.0135,1.85
Fiji,FJI,2018,2023,0.7320431292476077,0.7435157,0.0115,1.57
Fiji,FJI,2019,2024,0.7306682265531856,0.73724383,0.0066,0.9
Fiji,FJI,2020,2025,0.7212313496388904,0.7328355,0.0116,1.61
Fiji,FJI,2021,2026,0.7113475210464544,0.7243379,0.013,1.83
France,FRA,2017,2022,0.9184784970573162,0.91929376,0.0008,0.09
France,FRA,2018,2023,0.9227821343385014,0.92574453,0.003,0.33
France,FRA,2019,2024,0.9225164173894196,0.9315153,0.009,0.98
France,FRA,2020,2025,0.918356675084255,0.9262627,0.0079,0.86
France,FRA,2021,2026,0.923278469765561,0.9279836,0.0047,0.51
Gabon,GAB,2017,2022,0.6192769249611151,0.6148455,-0.0044,-0.71
Gabon,GAB,2018,2023,0.624038663615127,0.6216067,-0.0024,-0.38
Gabon,GAB,2019,2024,0.6244362226682999,0.62390363,-0.0005,-0.08
Gabon,GAB,2020,2025,0.6186416515313508,0.6238454,0.0052,0.84
Gabon,GAB,2021,2026,0.6268920367528725,0.63847876,0.0116,1.85
United Kingdom,GBR,2017,2022,0.934510364725352,0.9414676,0.007,0.75
United Kingdom,GBR,2018,2023,0.9370527676732422,0.94066316,0.0036,0.38
United Kingdom,GBR,2019,2024,0.9370825763252272,0.9400828,0.003,0.32
United Kingdom,GBR,2020,2025,0.9302128348212084,0.9346501,0.0044,0.47
United Kingdom,GBR,2021,2026,0.9376577098526984,0.94088936,0.0032,0.34
Georgia,GEO,2017,2022,0.7920309973589527,0.78841203,-0.0036,-0.45
Georgia,GEO,2018,2023,0.806019447425391,0.80207205,-0.0039,-0.48
Georgia,GEO,2019,2024,0.8073401315614506,0.81069934,0.0034,0.42
Georgia,GEO,2020,2025,0.8005980774844007,0.79412013,-0.0065,-0.81
Georgia,GEO,2021,2026,0.798536636328533,0.8002465,0.0017,0.21
Ghana,GHA,2017,2022,0.6086973890231689,0.63757473,0.0289,4.75
Ghana,GHA,2018,2023,0.6208097725111962,0.6428049,0.022,3.54
Ghana,GHA,2019,2024,0.6327858344188743,0.6596138,0.0268,4.24
Ghana,GHA,2020,2025,0.6322774511160559,0.6553099,0.023,3.64
Ghana,GHA,2021,2026,0.6363290806828181,0.65319026,0.0169,2.66
Guinea,GIN,2017,2022,0.4570738113948362,0.46611917,0.009,1.97
Guinea,GIN,2018,2023,0.462918092681723,0.47688022,0.014,3.02
Guinea,GIN,2019,2024,0.4682968677981385,0.47977522,0.0115,2.46
Guinea,GIN,2020,2025,0.4689906633902276,0.48624834,0.0173,3.69
Guinea,GIN,2021,2026,0.4755285813249322,0.49021545,0.0147,3.09
"Gambia, The",GMB,2017,2022,0.5040640343349176,0.53526014,0.0312,6.19
"Gambia, The",GMB,2018,2023,0.5086381457095565,0.5496989,0.0411,8.08
"Gambia, The",GMB,2019,2024,0.5126793678926419,0.5485538,0.0359,7.0
"Gambia, The",GMB,2020,2025,0.5116949632481193,0.5510504,0.0394,7.7
"Gambia, The",GMB,2021,2026,0.5122614866440864,0.5524759,0.0402,7.85
Guinea-Bissau,GNB,2017,2022,0.4492659328421657,0.47570616,0.0264,5.88
Guinea-Bissau,GNB,2018,2023,0.4527863293437344,0.47857508,0.0258,5.7
Guinea-Bissau,GNB,2019,2024,0.4552264500247169,0.4873379,0.0321,7.05
Guinea-Bissau,GNB,2020,2025,0.4531705050179364,0.49058303,0.0374,8.25
Guinea-Bissau,GNB,2021,2026,0.4580528889651751,0.49840996,0.0404,8.82
Greece,GRC,2017,2022,0.8867854927503095,0.8913639,0.0046,0.52
Greece,GRC,2018,2023,0.8927603352463543,0.8977755,0.005,0.56
Greece,GRC,2019,2024,0.8910251945856144,0.9010147,0.01,1.12
Greece,GRC,2020,2025,0.8864241788318711,0.8939096,0.0075,0.85
Greece,GRC,2021,2026,0.8865034274158359,0.903542,0.017,1.92
Guatemala,GTM,2017,2022,0.6219886081047873,0.6318786,0.0099,1.59
Guatemala,GTM,2018,2023,0.6214834816358753,0.6314141,0.0099,1.59
Guatemala,GTM,2019,2024,0.6185141743636294,0.6252488,0.0067,1.08
Guatemala,GTM,2020,2025,0.610641482993728,0.61221355,0.0016,0.26
Guatemala,GTM,2021,2026,0.6046199765336244,0.59934324,-0.0053,-0.88
Guyana,GUY,2017,2022,0.7647587095190579,0.77176577,0.007,0.92
Guyana,GUY,2018,2023,0.7652356310434657,0.77424943,0.009,1.18
Guyana,GUY,2019,2024,0.7685324474544798,0.7761559,0.0076,0.99
Guyana,GUY,2020,2025,0.7647202493010737,0.7730962,0.0084,1.1
Guyana,GUY,2021,2026,0.7636273959338912,0.7711019,0.0075,0.98
"Hong Kong SAR, China",HKG,2017,2022,0.939993853023426,0.94658715,0.0066,0.7
"Hong Kong SAR, China",HKG,2018,2023,0.9495328601261253,0.9467256,-0.0028,-0.29
"Hong Kong SAR, China",HKG,2019,2024,0.95148720629202,0.9472122,-0.0043,-0.45
"Hong Kong SAR, China",HKG,2020,2025,0.951195415252679,0.9419216,-0.0093,-0.98
"Hong Kong SAR, China",HKG,2021,2026,0.9543095054632988,0.9417665,-0.0125,-1.31
Honduras,HND,2017,2022,0.5983951085613041,0.5910381,-0.0074,-1.24
Honduras,HND,2018,2023,0.6001023410042383,0.59061664,-0.0095,-1.58
Honduras,HND,2019,2024,0.6459818336118449,0.6413942,-0.0046,-0.71
Honduras,HND,2020,2025,0.6371326434328641,0.6386624,0.0015,0.24
Honduras,HND,2021,2026,0.6374571843526646,0.63427156,-0.0032,-0.5
Croatia,HRV,2017,2022,0.843101045794065,0.86342496,0.0203,2.41
Croatia,HRV,2018,2023,0.85023213236621,0.86682034,0.0166,1.95
Croatia,HRV,2019,2024,0.8518739927335313,0.86897004,0.0171,2.01
Croatia,HRV,2020,2025,0.8467721912169051,0.8641956,0.0174,2.05
Croatia,HRV,2021,2026,0.8488540431764239,0.8672861,0.0184,2.17
Haiti,HTI,2017,2022,0.63330589482774,0.65784144,0.0245,3.87
Haiti,HTI,2018,2023,0.6371180250844043,0.65673167,0.0196,3.08
Haiti,HTI,2019,2024,0.6343499531786106,0.6519756,0.0176,2.77
Haiti,HTI,2020,2025,0.6300230879976573,0.6501439,0.0201,3.19
Haiti,HTI,2021,2026,0.638468519445237,0.63229674,-0.0062,-0.97
Hungary,HUN,2017,2022,0.8496783208714325,0.8647181,0.015,1.77
Hungary,HUN,2018,2023,0.8567883056431066,0.86824185,0.0115,1.34
Hungary,HUN,2019,2024,0.858876991100686,0.8738292,0.015,1.75
Hungary,HUN,2020,2025,0.8533417299477394,0.8772493,0.0239,2.8
Hungary,HUN,2021,2026,0.8529643402691596,0.8677417,0.0148,1.74
Indonesia,IDN,2017,2022,0.718455912621109,0.7490026,0.0305,4.25
Indonesia,IDN,2018,2023,0.725546617177797,0.75526154,0.0297,4.09
Indonesia,IDN,2019,2024,0.7291519123892446,0.7592857,0.0301,4.13
Indonesia,IDN,2020,2025,0.7197364150970067,0.7439004,0.0242,3.36
Indonesia,IDN,2021,2026,0.7176483003895472,0.74869245,0.031,4.32
India,IND,2017,2022,0.6500425990293603,0.6739165,0.0239,3.68
India,IND,2018,2023,0.6548086585072782,0.6791475,0.0243,3.71
India,IND,2019,2024,0.655893734467004,0.6700632,0.0142,2.16
India,IND,2020,2025,0.6505865932458568,0.6700433,0.0195,3.0
India,IND,2021,2026,0.6437314338020715,0.66973287,0.026,4.04
Ireland,IRL,2017,2022,0.96049591129509,0.9439089,-0.0166,-1.73
Ireland,IRL,2018,2023,0.9650834072413592,0.93987435,-0.0252,-2.61
Ireland,IRL,2019,2024,0.9678295834116208,0.9422484,-0.0256,-2.65
Ireland,IRL,2020,2025,0.96885986607527,0.9421424,-0.0267,-2.76
Ireland,IRL,2021,2026,0.9749643764297752,0.9411948,-0.0338,-3.47
"Iran, Islamic Rep.",IRN,2017,2022,0.7629891758463824,0.7888354,0.0258,3.38
"Iran, Islamic Rep.",IRN,2018,2023,0.7552579175313415,0.77170956,0.0165,2.18
"Iran, Islamic Rep.",IRN,2019,2024,0.7493985183119168,0.77015615,0.0208,2.78
"Iran, Islamic Rep.",IRN,2020,2025,0.7285136393718384,0.7462163,0.0177,2.43
"Iran, Islamic Rep.",IRN,2021,2026,0.7407621084166275,0.76101077,0.0202,2.73
Iraq,IRQ,2017,2022,0.6209678656382759,0.62452656,0.0036,0.58
Iraq,IRQ,2018,2023,0.6335981967064456,0.65001273,0.0164,2.59
Iraq,IRQ,2019,2024,0.6343558363872576,0.64926004,0.0149,2.35
Iraq,IRQ,2020,2025,0.6163864659380159,0.6353793,0.019,3.08
Iraq,IRQ,2021,2026,0.6260045886800705,0.6353575,0.0094,1.5
Iceland,ISL,2017,2022,0.9632229476435936,0.95642173,-0.0068,-0.71
Iceland,ISL,2018,2023,0.965511984466242,0.9513812,-0.0141,-1.46
Iceland,ISL,2019,2024,0.9635084492284566,0.9505387,-0.013,-1.35
Iceland,ISL,2020,2025,0.9575769728127748,0.9483587,-0.0092,-0.96
Iceland,ISL,2021,2026,0.9641433048100402,0.95172817,-0.0124,-1.29
Israel,ISR,2017,2022,0.9249650277379096,0.92875,0.0038,0.41
Israel,ISR,2018,2023,0.928741169510364,0.93357265,0.0048,0.52
Israel,ISR,2019,2024,0.9304350320847148,0.9342151,0.0038,0.41
Israel,ISR,2020,2025,0.9300082649457432,0.93461245,0.0046,0.49
Israel,ISR,2021,2026,0.9354786266683454,0.94008255,0.0046,0.49
Italy,ITA,2017,2022,0.9059358879103424,0.91189706,0.006,0.66
Italy,ITA,2018,2023,0.9103638372487908,0.9167928,0.0064,0.7
Italy,ITA,2019,2024,0.909824864066367,0.91453636,0.0047,0.52
Italy,ITA,2020,2025,0.901891567368176,0.897192,-0.0047,-0.52
Italy,ITA,2021,2026,0.909280229927762,0.9131243,0.0038,0.42
Jamaica,JAM,2017,2022,0.7243015430460052,0.7212485,-0.0031,-0.43
Jamaica,JAM,2018,2023,0.7282761224805291,0.73271644,0.0044,0.6
Jamaica,JAM,2019,2024,0.7380393606694904,0.73738426,-0.0007,-0.09
Jamaica,JAM,2020,2025,0.7326851613853814,0.7276801,-0.005,-0.68
Jamaica,JAM,2021,2026,0.7242402556196842,0.7248276,0.0006,0.08
Jordan,JOR,2017,2022,0.671158197932027,0.6940693,0.0229,3.41
Jordan,JOR,2018,2023,0.6753572155060841,0.70101523,0.0257,3.81
Jordan,JOR,2019,2024,0.6838942205259942,0.7163234,0.0324,4.74
Jordan,JOR,2020,2025,0.6766752058082989,0.70046616,0.0238,3.52
Jordan,JOR,2021,2026,0.6719292392930797,0.7047061,0.0328,4.88
Japan,JPN,2017,2022,0.8537289486098766,0.87003046,0.0163,1.91
Japan,JPN,2018,2023,0.8551350203398451,0.8742483,0.0191,2.23
Japan,JPN,2019,2024,0.8564355330875073,0.87261605,0.0162,1.89
Japan,JPN,2020,2025,0.8569891836291608,0.87232,0.0153,1.79
Japan,JPN,2021,2026,0.8565329351666463,0.8698476,0.0133,1.55
Kazakhstan,KAZ,2017,2022,0.8382993059552651,0.82777303,-0.0105,-1.25
Kazakhstan,KAZ,2018,2023,0.8422131853965253,0.85065085,0.0084,1.0
Kazakhstan,KAZ,2019,2024,0.843463457794683,0.8480371,0.0046,0.55
Kazakhstan,KAZ,2020,2025,0.8294139591256369,0.83247966,0.0031,0.37
Kazakhstan,KAZ,2021,2026,0.8295313476967191,0.8294812,-0.0001,-0.01
Kenya,KEN,2017,2022,0.5574647150430617,0.5885275,0.0311,5.58
Kenya,KEN,2018,2023,0.5616420400614888,0.5903861,0.0287,5.11
Kenya,KEN,2019,2024,0.5646794950112546,0.6012558,0.0366,6.48
Kenya,KEN,2020,2025,0.5579286533342444,0.58905774,0.0311,5.57
Kenya,KEN,2021,2026,0.5588299176711281,0.58561724,0.0268,4.8
Kyrgyz Republic,KGZ,2017,2022,0.7020742539723827,0.7159991,0.0139,1.98
Kyrgyz Republic,KGZ,2018,2023,0.7086063683483382,0.72096044,0.0124,1.75
Kyrgyz Republic,KGZ,2019,2024,0.7176403281414966,0.73214364,0.0145,2.02
Kyrgyz Republic,KGZ,2020,2025,0.712939842693379,0.7233753,0.0104,1.46
Kyrgyz Republic,KGZ,2021,2026,0.7169992059910829,0.7284451,0.0114,1.59
Cambodia,KHM,2017,2022,0.5565804226517466,0.61661774,0.06,10.78
Cambodia,KHM,2018,2023,0.5614709197105973,0.6186492,0.0572,10.19
Cambodia,KHM,2019,2024,0.5655065569976905,0.62233156,0.0568,10.04
Cambodia,KHM,2020,2025,0.5626150161370942,0.61537755,0.0528,9.38
Cambodia,KHM,2021,2026,0.5607271520327538,0.6234572,0.0627,11.18
"Korea, Rep.",KOR,2017,2022,0.9020474165844352,0.91999936,0.018,2.0
"Korea, Rep.",KOR,2018,2023,0.8985439915915726,0.91992295,0.0214,2.38
"Korea, Rep.",KOR,2019,2024,0.8995548021106332,0.92112845,0.0216,2.4
"Korea, Rep.",KOR,2020,2025,0.9002561226054066,0.9227277,0.0225,2.5
"Korea, Rep.",KOR,2021,2026,0.9049150412138868,0.93070585,0.0258,2.85
Kuwait,KWT,2017,2022,0.8764768590884966,0.8943261,0.0178,2.03
Kuwait,KWT,2018,2023,0.8811590085464962,0.8970663,0.0159,1.8
Kuwait,KWT,2019,2024,0.8891883744226755,0.89719254,0.008,0.9
Kuwait,KWT,2020,2025,0.8658006987330138,0.8869722,0.0212,2.45
Kuwait,KWT,2021,2026,0.8772152376245347,0.8943445,0.0171,1.95
Lao PDR,LAO,2017,2022,0.6272141745532079,0.65383434,0.0266,4.24
Lao PDR,LAO,2018,2023,0.6296223613916552,0.661987,0.0324,5.15
Lao PDR,LAO,2019,2024,0.6266589506464605,0.6627728,0.0361,5.76
Lao PDR,LAO,2020,2025,0.6285206240989979,0.66231924,0.0338,5.38
Lao PDR,LAO,2021,2026,0.6252320887487527,0.65598893,0.0308,4.93
Lebanon,LBN,2017,2022,0.7687478385804541,0.7849051,0.0162,2.11
Lebanon,LBN,2018,2023,0.7715291945164647,0.7902484,0.0187,2.42
Lebanon,LBN,2019,2024,0.7701324168775089,0.7862434,0.0161,2.09
Lebanon,LBN,2020,2025,0.7432883428463226,0.73961604,-0.0037,-0.5
Lebanon,LBN,2021,2026,0.7189744489556319,0.70990497,-0.0091,-1.27
Libya,LBY,2017,2022,0.8027246306742192,0.77818215,-0.0245,-3.05
Libya,LBY,2018,2023,0.8091718818648105,0.7837714,-0.0254,-3.14
Libya,LBY,2019,2024,0.8037138526037411,0.78317046,-0.0205,-2.55
Libya,LBY,2020,2025,0.7856023550012111,0.79717034,0.0116,1.48
Libya,LBY,2021,2026,0.7726164323871535,0.7952145,0.0226,2.93
St. Lucia,LCA,2017,2022,0.7780458670901522,0.79188234,0.0138,1.77
St. Lucia,LCA,2018,2023,0.781269898280924,0.80396706,0.0227,2.91
St. Lucia,LCA,2019,2024,0.7815296229646265,0.79759675,0.0161,2.06
St. Lucia,LCA,2020,2025,0.7687521006976251,0.8000511,0.0313,4.07
St. Lucia,LCA,2021,2026,0.7626747503737858,0.80138224,0.0387,5.07
Sri Lanka,LKA,2017,2022,0.7875614165811681,0.809233,0.0217,2.76
Sri Lanka,LKA,2018,2023,0.7956678929764683,0.7996525,0.004,0.5
Sri Lanka,LKA,2019,2024,0.7941055527896791,0.798692,0.0046,0.58
Sri Lanka,LKA,2020,2025,0.7928690984492546,0.7928579,-0.0,-0.0
Sri Lanka,LKA,2021,2026,0.7913857186734328,0.79622895,0.0048,0.61
Lesotho,LSO,2017,2022,0.5168358592357786,0.56953496,0.0527,10.2
Lesotho,LSO,2018,2023,0.5237962440819209,0.5717592,0.048,9.16
Lesotho,LSO,2019,2024,0.5235372290009382,0.5682096,0.0447,8.54
Lesotho,LSO,2020,2025,0.5166952416040572,0.5671166,0.0504,9.75
Lesotho,LSO,2021,2026,0.5182573476711108,0.5710879,0.0528,10.19
Lithuania,LTU,2017,2022,0.8688339307101155,0.87816036,0.0093,1.07
Lithuania,LTU,2018,2023,0.8744691634425791,0.8836228,0.0092,1.05
Lithuania,LTU,2019,2024,0.8779242287051977,0.8970774,0.0192,2.19
Lithuania,LTU,2020,2025,0.8738097612920909,0.8905551,0.0167,1.91
Lithuania,LTU,2021,2026,0.8753091914678034,0.88143456,0.0061,0.7
Luxembourg,LUX,2017,2022,0.9563719482523482,0.9602384,0.0039,0.41
Luxembourg,LUX,2018,2023,0.9616229635623488,0.9594202,-0.0022,-0.23
Luxembourg,LUX,2019,2024,0.9617631417390284,0.9603972,-0.0014,-0.15
Luxembourg,LUX,2020,2025,0.9609139568901112,0.9534466,-0.0075,-0.78
Luxembourg,LUX,2021,2026,0.9685342190049856,0.9536942,-0.0148,-1.53
Latvia,LVA,2017,2022,0.8660168136352979,0.8762285,0.0102,1.18
Latvia,LVA,2018,2023,0.8690881270643308,0.876827,0.0077,0.89
Latvia,LVA,2019,2024,0.8719316563781293,0.8845236,0.0126,1.45
Latvia,LVA,2020,2025,0.8716081986027282,0.8860775,0.0145,1.66
Latvia,LVA,2021,2026,0.8671057058250997,0.86950576,0.0024,0.28
"Macao SAR, China",MAC,2017,2022,0.9376768354033505,0.9358294,-0.0018,-0.19
"Macao SAR, China",MAC,2018,2023,0.9445682073316451,0.9388752,-0.0057,-0.6
"Macao SAR, China",MAC,2019,2024,0.9449139785031194,0.93647027,-0.0084,-0.89
"Macao SAR, China",MAC,2020,2025,0.915042994823566,0.93102926,0.016,1.75
"Macao SAR, China",MAC,2021,2026,0.920803080838536,0.9331476,0.0123,1.34
Morocco,MAR,2017,2022,0.7067001977482287,0.71771663,0.011,1.56
Morocco,MAR,2018,2023,0.7117148108744344,0.72736204,0.0156,2.19
Morocco,MAR,2019,2024,0.71619565457911,0.7497357,0.0335,4.68
Morocco,MAR,2020,2025,0.7084089114722275,0.750919,0.0425,6.0
Morocco,MAR,2021,2026,0.7152296336494804,0.74976784,0.0345,4.82
Moldova,MDA,2017,2022,0.7159752896747493,0.7402448,0.0243,3.39
Moldova,MDA,2018,2023,0.7227254542139089,0.7470667,0.0243,3.36
Moldova,MDA,2019,2024,0.7229945245655608,0.74276626,0.0198,2.74
Moldova,MDA,2020,2025,0.7215218266948522,0.74288493,0.0214,2.97
Moldova,MDA,2021,2026,0.7245375044166784,0.75596637,0.0314,4.33
Madagascar,MDG,2017,2022,0.4504372912435548,0.4783407,0.0279,6.19
Madagascar,MDG,2018,2023,0.4501791678074107,0.47969604,0.0295,6.55
Madagascar,MDG,2019,2024,0.4440446210443454,0.47616103,0.0321,7.23
Madagascar,MDG,2020,2025,0.4364415097641388,0.47060403,0.0342,7.84
Madagascar,MDG,2021,2026,0.4382752778631951,0.47579077,0.0375,8.56
Maldives,MDV,2017,2022,0.7388219161892877,0.7619493,0.0231,3.13
Maldives,MDV,2018,2023,0.7983405110061276,0.8185182,0.0202,2.53
Maldives,MDV,2019,2024,0.7880714215629204,0.8052584,0.0172,2.18
Maldives,MDV,2020,2025,0.7657125620829475,0.79051185,0.0248,3.24
Maldives,MDV,2021,2026,0.7750351882199831,0.8009729,0.0259,3.34
Mexico,MEX,2017,2022,0.8291162021505148,0.8160759,-0.013,-1.57
Mexico,MEX,2018,2023,0.8332867564536938,0.81718427,-0.0161,-1.93
Mexico,MEX,2019,2024,0.8354016642838359,0.8329374,-0.0025,-0.3
Mexico,MEX,2020,2025,0.8107090593467318,0.7984365,-0.0123,-1.52
Mexico,MEX,2021,2026,0.8134795157550031,0.7932351,-0.0202,-2.48
North Macedonia,MKD,2017,2022,0.7452093423368845,0.75250494,0.0073,0.98
North Macedonia,MKD,2018,2023,0.7483611398953444,0.7687235,0.0204,2.73
North Macedonia,MKD,2019,2024,0.7481785904001003,0.7751508,0.027,3.61
North Macedonia,MKD,2020,2025,0.7378091111715673,0.772328,0.0345,4.68
North Macedonia,MKD,2021,2026,0.7377930632661571,0.77272093,0.0349,4.73
Mali,MLI,2017,2022,0.467314742750589,0.50304025,0.0357,7.64
Mali,MLI,2018,2023,0.4700553435148086,0.49947423,0.0294,6.25
Mali,MLI,2019,2024,0.4706609792479901,0.4936678,0.023,4.89
Mali,MLI,2020,2025,0.4682808116066219,0.4937589,0.0255,5.45
Mali,MLI,2021,2026,0.4723366139819575,0.49883085,0.0265,5.61
Malta,MLT,2017,2022,0.911203199877312,0.917674,0.0065,0.71
Malta,MLT,2018,2023,0.922470252890168,0.92907834,0.0066,0.72
Malta,MLT,2019,2024,0.9232051741689355,0.93566734,0.0125,1.35
Malta,MLT,2020,2025,0.9199376578001152,0.9324929,0.0126,1.37
Malta,MLT,2021,2026,0.9276130591467958,0.9358367,0.0082,0.88
Myanmar,MMR,2017,2022,0.585450505537745,0.6215165,0.0361,6.17
Myanmar,MMR,2018,2023,0.6008880610370827,0.64491135,0.044,7.32
Myanmar,MMR,2019,2024,0.6055307283787322,0.64265937,0.0371,6.13
Myanmar,MMR,2020,2025,0.6079340330481283,0.6451333,0.0372,6.12
Myanmar,MMR,2021,2026,0.5961187395689117,0.6419233,0.0458,7.68
Mongolia,MNG,2017,2022,0.733741814636068,0.7434653,0.0097,1.32
Mongolia,MNG,2018,2023,0.7396308332229835,0.74366176,0.004,0.54
Mongolia,MNG,2019,2024,0.7428481820918122,0.75271255,0.0099,1.33
Mongolia,MNG,2020,2025,0.7409894426215281,0.74715674,0.0062,0.84
Mongolia,MNG,2021,2026,0.7470180122039287,0.7591991,0.0122,1.63
Mozambique,MOZ,2017,2022,0.4290870335320692,0.48019382,0.0511,11.91
Mozambique,MOZ,2018,2023,0.4356355492310311,0.48020843,0.0446,10.24
Mozambique,MOZ,2019,2024,0.4380975024306843,0.48487142,0.0468,10.68
Mozambique,MOZ,2020,2025,0.4340274550757043,0.48705173,0.053,12.21
Mozambique,MOZ,2021,2026,0.4326943124604787,0.48868108,0.056,12.94
Mauritania,MRT,2017,2022,0.4990810799852485,0.53761804,0.0385,7.71
Mauritania,MRT,2018,2023,0.516658989344359,0.5626207,0.046,8.9
Mauritania,MRT,2019,2024,0.526830681631072,0.56641865,0.0396,7.52
Mauritania,MRT,2020,2025,0.5236086754832043,0.56495833,0.0413,7.89
Mauritania,MRT,2021,2026,0.5265980030857075,0.5645331,0.0379,7.2
Mauritius,MUS,2017,2022,0.8077193425700488,0.8144699,0.0068,0.84
Mauritius,MUS,2018,2023,0.8080978820411802,0.8115576,0.0035,0.43
Mauritius,MUS,2019,2024,0.8128930141888144,0.8035002,-0.0094,-1.16
Mauritius,MUS,2020,2025,0.8035162191991102,0.80149907,-0.002,-0.25
Mauritius,MUS,2021,2026,0.8014356113375944,0.7966949,-0.0047,-0.59
Malawi,MWI,2017,2022,0.4624437040422363,0.4852055,0.0228,4.93
Malawi,MWI,2018,2023,0.4689860032169988,0.49091884,0.0219,4.67
Malawi,MWI,2019,2024,0.4645282149109456,0.48832017,0.0238,5.12
Malawi,MWI,2020,2025,0.466940076530195,0.489898,0.023,4.93
Malawi,MWI,2021,2026,0.4659122234487911,0.489975,0.0241,5.17
Malaysia,MYS,2017,2022,0.7755385195245142,0.81641155,0.0409,5.27
Malaysia,MYS,2018,2023,0.7692797993623085,0.80688226,0.0376,4.89
Malaysia,MYS,2019,2024,0.7756849929487872,0.82777405,0.0521,6.72
Malaysia,MYS,2020,2025,0.772836846931377,0.8264206,0.0536,6.94
Malaysia,MYS,2021,2026,0.7666160007886903,0.80847156,0.0419,5.47
Namibia,NAM,2017,2022,0.6247841746452164,0.6168527,-0.0079,-1.26
Namibia,NAM,2018,2023,0.6301703003235414,0.6389182,0.0087,1.38
Namibia,NAM,2019,2024,0.6301258148098663,0.6504741,0.0203,3.22
Namibia,NAM,2020,2025,0.6248376670254534,0.64946765,0.0246,3.94
Namibia,NAM,2021,2026,0.6151843109520923,0.6253777,0.0102,1.66
Niger,NER,2017,2022,0.3947219127928039,0.43723363,0.0425,10.77
Niger,NER,2018,2023,0.3997949615196674,0.43864796,0.0389,9.73
Niger,NER,2019,2024,0.3998628198673749,0.43987834,0.04,10.0
Niger,NER,2020,2025,0.400425665886903,0.44422618,0.0438,10.94
Niger,NER,2021,2026,0.4007394580610404,0.44812965,0.0474,11.83
Nigeria,NGA,2017,2022,0.4681486439373166,0.4989701,0.0308,6.58
Nigeria,NGA,2018,2023,0.472946842971719,0.49195266,0.019,4.02
Nigeria,NGA,2019,2024,0.4914003718534847,0.4979062,0.0065,1.32
Nigeria,NGA,2020,2025,0.4866188804388138,0.50224346,0.0156,3.21
Nigeria,NGA,2021,2026,0.4882248300731646,0.50320244,0.015,3.07
Nicaragua,NIC,2017,2022,0.6693333289297,0.67983437,0.0105,1.57
Nicaragua,NIC,2018,2023,0.6688610698135564,0.6761076,0.0072,1.08
Nicaragua,NIC,2019,2024,0.6668597767332521,0.6747886,0.0079,1.18
Nicaragua,NIC,2020,2025,0.6528408063744431,0.6650501,0.0122,1.87
Nicaragua,NIC,2021,2026,0.655319223894789,0.66327554,0.008,1.22
Netherlands,NLD,2017,2022,0.94416415848185,0.9408267,-0.0033,-0.35
Netherlands,NLD,2018,2023,0.9477121848777024,0.9505468,0.0028,0.3
Netherlands,NLD,2019,2024,0.948787739284632,0.9489982,0.0002,0.02
Netherlands,NLD,2020,2025,0.9453012214897172,0.9488346,0.0035,0.37
Netherlands,NLD,2021,2026,0.949619306138517,0.95032364,0.0007,0.07
Norway,NOR,2017,2022,0.964623993460468,0.95681965,-0.0078,-0.81
Norway,NOR,2018,2023,0.9685369935434728,0.95712113,-0.0114,-1.18
Norway,NOR,2019,2024,0.9663596184785908,0.95816934,-0.0082,-0.85
Norway,NOR,2020,2025,0.9631826589480262,0.9548712,-0.0083,-0.86
Norway,NOR,2021,2026,0.9748934555049468,0.95692325,-0.018,-1.85
Nepal,NPL,2017,2022,0.6214613700119044,0.64216596,0.0207,3.33
Nepal,NPL,2018,2023,0.6278622659327685,0.6518843,0.024,3.82
Nepal,NPL,2019,2024,0.6492464897870017,0.6569565,0.0077,1.19
Nepal,NPL,2020,2025,0.6467687407180275,0.65548706,0.0087,1.35
Nepal,NPL,2021,2026,0.6466524223745845,0.6557289,0.0091,1.41
New Zealand,NZL,2017,2022,0.9391191637922104,0.9460508,0.0069,0.73
New Zealand,NZL,2018,2023,0.9387067956595212,0.94543034,0.0067,0.71
New Zealand,NZL,2019,2024,0.9399316065218516,0.9470337,0.0071,0.76
New Zealand,NZL,2020,2025,0.9400596260451234,0.9460085,0.0059,0.63
New Zealand,NZL,2021,2026,0.946530772789946,0.9427068,-0.0038,-0.4
Oman,OMN,2017,2022,0.8821891962028655,0.8959506,0.0138,1.56
Oman,OMN,2018,2023,0.8897641657193782,0.9101866,0.0204,2.29
Oman,OMN,2019,2024,0.8900627788009965,0.9105187,0.0205,2.3
Oman,OMN,2020,2025,0.8749973628916424,0.8971888,0.0222,2.54
Oman,OMN,2021,2026,0.8724423522531634,0.890249,0.0178,2.04
Pakistan,PAK,2017,2022,0.5177224096219647,0.5570627,0.0393,7.59
Pakistan,PAK,2018,2023,0.5273772641997404,0.568114,0.0407,7.72
Pakistan,PAK,2019,2024,0.5274750812786972,0.56482893,0.0374,7.09
Pakistan,PAK,2020,2025,0.5195655872562289,0.5676693,0.0481,9.26
Pakistan,PAK,2021,2026,0.5248915996047745,0.56431454,0.0394,7.51
Panama,PAN,2017,2022,0.7745600530706938,0.80283207,0.0283,3.65
Panama,PAN,2018,2023,0.7773251805876932,0.8016446,0.0243,3.13
Panama,PAN,2019,2024,0.7792243726832341,0.8022262,0.023,2.95
Panama,PAN,2020,2025,0.7610066554415699,0.78614837,0.0251,3.3
Panama,PAN,2021,2026,0.770027909768057,0.7932986,0.0233,3.03
Peru,PER,2017,2022,0.8239389787705406,0.81006914,-0.0139,-1.69
Peru,PER,2018,2023,0.8311475841394338,0.82232517,-0.0088,-1.06
Peru,PER,2019,2024,0.8402355077513658,0.83841383,-0.0018,-0.21
Peru,PER,2020,2025,0.8238333185655824,0.79549545,-0.0283,-3.44
Peru,PER,2021,2026,0.817805634796589,0.7964392,-0.0214,-2.62
Philippines,PHL,2017,2022,0.7070413784107351,0.7229852,0.0159,2.25
Philippines,PHL,2018,2023,0.70099495688101,0.7183067,0.0173,2.47
Philippines,PHL,2019,2024,0.703356585251025,0.72003436,0.0167,2.37
Philippines,PHL,2020,2025,0.7032340238108158,0.7240564,0.0208,2.96
Philippines,PHL,2021,2026,0.69064216576723,0.71594834,0.0253,3.66
Poland,POL,2017,2022,0.8767578369165797,0.88557714,0.0088,1.0
Poland,POL,2018,2023,0.8808415792512408,0.88288796,0.002,0.23
Poland,POL,2019,2024,0.8827450126118057,0.8848919,0.0021,0.24
Poland,POL,2020,2025,0.8765747043704525,0.88374996,0.0072,0.82
Poland,POL,2021,2026,0.8773324766986459,0.8891253,0.0118,1.34
Portugal,PRT,2017,2022,0.9103368539453488,0.92515737,0.0148,1.63
Portugal,PRT,2018,2023,0.9134863928284896,0.92200845,0.0085,0.93
Portugal,PRT,2019,2024,0.9147563409234956,0.91943264,0.0047,0.51
Portugal,PRT,2020,2025,0.9114172055214416,0.91968024,0.0083,0.91
Portugal,PRT,2021,2026,0.9156025953715328,0.9216221,0.006,0.66
Paraguay,PRY,2017,2022,0.7174800497404048,0.7451934,0.0277,3.86
Paraguay,PRY,2018,2023,0.7189444663948157,0.74319226,0.0242,3.37
Paraguay,PRY,2019,2024,0.7163357925834407,0.74867237,0.0323,4.51
Paraguay,PRY,2020,2025,0.7088834801227146,0.73737335,0.0285,4.02
Paraguay,PRY,2021,2026,0.6920961946727583,0.71931756,0.0272,3.93
West Bank and Gaza,PSE,2017,2022,0.7464298944055457,0.76160574,0.0152,2.04
West Bank and Gaza,PSE,2018,2023,0.7483553864685626,0.7610175,0.0127,1.7
West Bank and Gaza,PSE,2019,2024,0.7550922966545474,0.763253,0.0082,1.09
West Bank and Gaza,PSE,2020,2025,0.7466524418023792,0.75876653,0.0121,1.62
West Bank and Gaza,PSE,2021,2026,0.7465944959008857,0.7527976,0.0062,0.83
Qatar,QAT,2017,2022,0.9423738803982996,0.9490724,0.0067,0.71
Qatar,QAT,2018,2023,0.9480012460667704,0.9500644,0.0021,0.22
Qatar,QAT,2019,2024,0.9466994875844724,0.95109546,0.0044,0.46
Qatar,QAT,2020,2025,0.9252529677421004,0.9402055,0.015,1.62
Qatar,QAT,2021,2026,0.9409766778821635,0.9526975,0.0117,1.24
Romania,ROU,2017,2022,0.7957593968678855,0.8192488,0.0235,2.95
Romania,ROU,2018,2023,0.7951071540732736,0.8247482,0.0296,3.72
Romania,ROU,2019,2024,0.7977414627844422,0.82589537,0.0282,3.53
Romania,ROU,2020,2025,0.7918884387989248,0.8024168,0.0105,1.33
Romania,ROU,2021,2026,0.7905867943636572,0.7980274,0.0074,0.94
Russian Federation,RUS,2017,2022,0.8215540048250687,0.8238642,0.0023,0.28
Russian Federation,RUS,2018,2023,0.825666698155843,0.832933,0.0073,0.88
Russian Federation,RUS,2019,2024,0.8283857244758992,0.8321232,0.0037,0.45
Russian Federation,RUS,2020,2025,0.8156559331945287,0.831894,0.0162,1.99
Russian Federation,RUS,2021,2026,0.8170842848638667,0.8289902,0.0119,1.46
Rwanda,RWA,2017,2022,0.4857197628018121,0.5189334,0.0332,6.84
Rwanda,RWA,2018,2023,0.4937759844817014,0.52408475,0.0303,6.14
Rwanda,RWA,2019,2024,0.5080623233736453,0.54325473,0.0352,6.93
Rwanda,RWA,2020,2025,0.5077311403364232,0.53801256,0.0303,5.97
Rwanda,RWA,2021,2026,0.5097012900022441,0.5467663,0.0371,7.28
Saudi Arabia,SAU,2017,2022,0.8949545859115092,0.92087585,0.0259,2.89
Saudi Arabia,SAU,2018,2023,0.9103159512597592,0.92974234,0.0194,2.13
Saudi Arabia,SAU,2019,2024,0.9086014963288443,0.9328071,0.0242,2.66
Saudi Arabia,SAU,2020,2025,0.8978347778029976,0.9160319,0.0182,2.03
Saudi Arabia,SAU,2021,2026,0.9059974536513842,0.9221982,0.0162,1.79
Sudan,SDN,2017,2022,0.5151768570886565,0.5402155,0.025,4.85
Sudan,SDN,2018,2023,0.5060253496876708,0.5187685,0.0127,2.51
Sudan,SDN,2019,2024,0.5062710907475241,0.52223015,0.016,3.16
Sudan,SDN,2020,2025,0.4952479299028516,0.50827986,0.013,2.62
Sudan,SDN,2021,2026,0.5002863437454901,0.50349885,0.0032,0.64
Senegal,SEN,2017,2022,0.5506708373510497,0.58739966,0.0367,6.66
Senegal,SEN,2018,2023,0.5547545522663007,0.5857999,0.031,5.59
Senegal,SEN,2019,2024,0.5405547519230341,0.5789847,0.0384,7.1
Senegal,SEN,2020,2025,0.54057098928762,0.57459253,0.034,6.29
Senegal,SEN,2021,2026,0.5411753884101617,0.58725864,0.0461,8.52
Singapore,SGP,2017,2022,0.9507100243597844,0.95232064,0.0016,0.17
Singapore,SGP,2018,2023,0.9495285153034246,0.95106566,0.0015,0.16
Singapore,SGP,2019,2024,0.9503401290992968,0.9528314,0.0025,0.26
Singapore,SGP,2020,2025,0.9473535971142656,0.9511071,0.0038,0.4
Singapore,SGP,2021,2026,0.9555371932058958,0.9508731,-0.0047,-0.49
Solomon Islands,SLB,2017,2022,0.5717684167508731,0.60087335,0.0291,5.09
Solomon Islands,SLB,2018,2023,0.5748177515816063,0.60407394,0.0293,5.1
Solomon Islands,SLB,2019,2024,0.5746779709060469,0.6081516,0.0335,5.83
Solomon Islands,SLB,2020,2025,0.5685066037808317,0.6010506,0.0325,5.72
Solomon Islands,SLB,2021,2026,0.5664612701110938,0.5976027,0.0311,5.49
Sierra Leone,SLE,2017,2022,0.4579713350562076,0.4727127,0.0147,3.21
Sierra Leone,SLE,2018,2023,0.467035391806428,0.50412065,0.0371,7.94
Sierra Leone,SLE,2019,2024,0.4693608172820189,0.50776064,0.0384,8.18
Sierra Leone,SLE,2020,2025,0.4698910899100476,0.50603074,0.0361,7.68
Sierra Leone,SLE,2021,2026,0.4742499607708687,0.5142681,0.04,8.43
El Salvador,SLV,2017,2022,0.6759240344779062,0.687732,0.0118,1.75
El Salvador,SLV,2018,2023,0.6796946980899904,0.69496804,0.0153,2.25
El Salvador,SLV,2019,2024,0.6824833220302643,0.7022951,0.0198,2.9
El Salvador,SLV,2020,2025,0.672757579689165,0.6893446,0.0166,2.47
El Salvador,SLV,2021,2026,0.6771567692167478,0.68979377,0.0126,1.86
Serbia,SRB,2017,2022,0.791678611275921,0.8025712,0.0109,1.38
Serbia,SRB,2018,2023,0.7975214912598334,0.80961514,0.0121,1.52
Serbia,SRB,2019,2024,0.7967619699293614,0.8113009,0.0145,1.82
Serbia,SRB,2020,2025,0.7918063746541796,0.8102767,0.0185,2.34
Serbia,SRB,2021,2026,0.7909795344965929,0.80082655,0.0098,1.24
Suriname,SUR,2017,2022,0.7117749613041848,0.7237943,0.012,1.69
Suriname,SUR,2018,2023,0.7317787507012653,0.74130034,0.0095,1.3
Suriname,SUR,2019,2024,0.7329549273575536,0.7451702,0.0122,1.66
Suriname,SUR,2020,2025,0.7226225972199437,0.7385158,0.0159,2.2
Suriname,SUR,2021,2026,0.7094418455732602,0.717434,0.008,1.13
Slovak Republic,SVK,2017,2022,0.8232408641147817,0.84832746,0.0251,3.05
Slovak Republic,SVK,2018,2023,0.8286344318197488,0.85231936,0.0237,2.86
Slovak Republic,SVK,2019,2024,0.8301202798655787,0.86387396,0.0338,4.07
Slovak Republic,SVK,2020,2025,0.8271355993442205,0.86629,0.0392,4.74
Slovak Republic,SVK,2021,2026,0.8213164352551803,0.8546389,0.0333,4.05
Slovenia,SVN,2017,2022,0.9117534203795598,0.92094946,0.0092,1.01
Slovenia,SVN,2018,2023,0.9173977515350552,0.914767,-0.0026,-0.28
Slovenia,SVN,2019,2024,0.917974430241853,0.9258136,0.0078,0.85
Slovenia,SVN,2020,2025,0.9128063369249088,0.9226751,0.0099,1.08
Slovenia,SVN,2021,2026,0.9188433452319122,0.92855954,0.0097,1.06
Sweden,SWE,2017,2022,0.9498903336812982,0.94916856,-0.0007,-0.07
Sweden,SWE,2018,2023,0.9511480424105672,0.94581324,-0.0053,-0.56
Sweden,SWE,2019,2024,0.951921028658965,0.9433417,-0.0086,-0.9
Sweden,SWE,2020,2025,0.9491783414341204,0.9500619,0.0009,0.09
Sweden,SWE,2021,2026,0.9578758156612024,0.9492208,-0.0087,-0.91
Eswatini,SWZ,2017,2022,0.6479827213010682,0.6678832,0.0199,3.07
Eswatini,SWZ,2018,2023,0.654308845883157,0.6652346,0.0109,1.67
Eswatini,SWZ,2019,2024,0.6589190111820528,0.6708518,0.0119,1.81
Eswatini,SWZ,2020,2025,0.6542980186830755,0.66401666,0.0097,1.48
Eswatini,SWZ,2021,2026,0.6522428605684681,0.6653577,0.0131,2.01
Seychelles,SYC,2017,2022,0.7787085997630673,0.80033875,0.0216,2.77
Seychelles,SYC,2018,2023,0.7746918574669067,0.7804557,0.0058,0.75
Seychelles,SYC,2019,2024,0.772581829706671,0.798917,0.0263,3.4
Seychelles,SYC,2020,2025,0.7751171145174132,0.8200844,0.045,5.81
Seychelles,SYC,2021,2026,0.7601812716532715,0.78213954,0.022,2.89
Syrian Arab Republic,SYR,2017,2022,0.5313878639757622,0.53094786,-0.0004,-0.08
Syrian Arab Republic,SYR,2018,2023,0.549006327768255,0.53716177,-0.0118,-2.15
Syrian Arab Republic,SYR,2019,2024,0.5657569766077778,0.5476945,-0.0181,-3.2
Syrian Arab Republic,SYR,2020,2025,0.5446668638725032,0.580079,0.0354,6.5
Syrian Arab Republic,SYR,2021,2026,0.5525207040297971,0.585163,0.0326,5.9
Chad,TCD,2017,2022,0.3676118294906521,0.40077582,0.0332,9.03
Chad,TCD,2018,2023,0.3727454308178091,0.40447214,0.0317,8.5
Chad,TCD,2019,2024,0.3740062287770978,0.40811774,0.0341,9.12
Chad,TCD,2020,2025,0.3732546127607885,0.4015607,0.0283,7.58
Chad,TCD,2021,2026,0.3768787550683813,0.40692273,0.03,7.96
Togo,TGO,2017,2022,0.5332051777651016,0.5664014,0.0332,6.23
Togo,TGO,2018,2023,0.5380600738717342,0.5676765,0.0296,5.5
Togo,TGO,2019,2024,0.5389795688800297,0.5724361,0.0335,6.22
Togo,TGO,2020,2025,0.5409867298718335,0.5730615,0.0321,5.93
Togo,TGO,2021,2026,0.5460869026479448,0.5702915,0.0242,4.43
Thailand,THA,2017,2022,0.8436064805269892,0.8688069,0.0252,2.99
Thailand,THA,2018,2023,0.8484449597283944,0.86709064,0.0186,2.19
Thailand,THA,2019,2024,0.8511330457398304,0.86910415,0.018,2.11
Thailand,THA,2020,2025,0.8484601230897102,0.86073166,0.0123,1.45
Thailand,THA,2021,2026,0.8501027317520146,0.8727148,0.0226,2.66
Tajikistan,TJK,2017,2022,0.6669416637600012,0.676683,0.0097,1.45
Tajikistan,TJK,2018,2023,0.6681331783986094,0.6769524,0.0088,1.32
Tajikistan,TJK,2019,2024,0.6708163760523657,0.68490386,0.0141,2.1
Tajikistan,TJK,2020,2025,0.6584488076016449,0.67101496,0.0126,1.91
Tajikistan,TJK,2021,2026,0.6657238204545323,0.6798306,0.0141,2.12
Tonga,TON,2017,2022,0.7773331981789994,0.77444327,-0.0029,-0.37
Tonga,TON,2018,2023,0.7804407426499393,0.7721555,-0.0083,-1.06
Tonga,TON,2019,2024,0.7819274296107115,0.77443784,-0.0075,-0.96
Tonga,TON,2020,2025,0.7823510551190603,0.7745337,-0.0078,-1.0
Tonga,TON,2021,2026,0.7822561320906894,0.77145964,-0.0108,-1.38
Trinidad and Tobago,TTO,2017,2022,0.786394956507316,0.80068237,0.0143,1.82
Trinidad and Tobago,TTO,2018,2023,0.7849258326498187,0.7968235,0.0119,1.52
Trinidad and Tobago,TTO,2019,2024,0.784938078305725,0.791966,0.007,0.89
Trinidad and Tobago,TTO,2020,2025,0.7794832713299834,0.7893429,0.0099,1.27
Trinidad and Tobago,TTO,2021,2026,0.7782065724039859,0.80309856,0.0249,3.2
Tunisia,TUN,2017,2022,0.7587890479217978,0.7599149,0.0011,0.14
Tunisia,TUN,2018,2023,0.7597624175427923,0.7621567,0.0024,0.32
Tunisia,TUN,2019,2024,0.7597327341332897,0.7608637,0.0011,0.14
Tunisia,TUN,2020,2025,0.7572453957558524,0.7629598,0.0057,0.75
Tunisia,TUN,2021,2026,0.7513666373531492,0.75495803,0.0036,0.48
Turkiye,TUR,2017,2022,0.8510320072093375,0.86275375,0.0117,1.37
Turkiye,TUR,2018,2023,0.8440591513221453,0.85590506,0.0118,1.4
Turkiye,TUR,2019,2024,0.8441760774648062,0.85713905,0.013,1.54
Turkiye,TUR,2020,2025,0.8361360498522005,0.8365427,0.0004,0.05
Turkiye,TUR,2021,2026,0.8373591081309296,0.8332463,-0.0041,-0.49
Tanzania,TZA,2017,2022,0.4538239976498162,0.46861485,0.0148,3.26
Tanzania,TZA,2018,2023,0.4642490300025543,0.49199477,0.0277,5.97
Tanzania,TZA,2019,2024,0.4763742337334979,0.5086878,0.0323,6.78
Tanzania,TZA,2020,2025,0.481758317614001,0.5170086,0.0353,7.33
Tanzania,TZA,2021,2026,0.4802883472016828,0.5183823,0.0381,7.93
Uganda,UGA,2017,2022,0.4363723669617655,0.45305094,0.0167,3.83
Uganda,UGA,2018,2023,0.4404366770826031,0.45489532,0.0145,3.29
Uganda,UGA,2019,2024,0.4445001161663573,0.45668417,0.0122,2.74
Uganda,UGA,2020,2025,0.4458452399221826,0.4631064,0.0173,3.88
Uganda,UGA,2021,2026,0.4476786803757487,0.46347743,0.0158,3.53
Ukraine,UKR,2017,2022,0.7506833519090249,0.7478421,-0.0028,-0.37
Ukraine,UKR,2018,2023,0.7549666457006907,0.7565766,0.0016,0.21
Ukraine,UKR,2019,2024,0.7630559521313257,0.7697698,0.0067,0.88
Ukraine,UKR,2020,2025,0.7611087536981337,0.7660033,0.0049,0.64
Ukraine,UKR,2021,2026,0.7633514984258891,0.7858518,0.0225,2.95
Uruguay,URY,2017,2022,0.888751014083172,0.89776844,0.009,1.01
Uruguay,URY,2018,2023,0.8884687290812598,0.9033011,0.0148,1.67
Uruguay,URY,2019,2024,0.88643979899935,0.9061461,0.0197,2.22
Uruguay,URY,2020,2025,0.8846225256990069,0.91199,0.0274,3.1
Uruguay,URY,2021,2026,0.8761152592224702,0.8990065,0.0229,2.61
United States,USA,2017,2022,0.901559679714025,0.92168915,0.0201,2.23
United States,USA,2018,2023,0.9048531408452332,0.92617476,0.0213,2.35
United States,USA,2019,2024,0.9068919653872572,0.931646,0.0248,2.73
United States,USA,2020,2025,0.8979409766431846,0.91549844,0.0176,1.96
United States,USA,2021,2026,0.8988469720921702,0.91314757,0.0143,1.59
Uzbekistan,UZB,2017,2022,0.7252896791516799,0.73936564,0.0141,1.94
Uzbekistan,UZB,2018,2023,0.7244380372317547,0.73220074,0.0078,1.08
Uzbekistan,UZB,2019,2024,0.7371726506286308,0.7377009,0.0005,0.07
Uzbekistan,UZB,2020,2025,0.7330902522107898,0.74243283,0.0093,1.27
Uzbekistan,UZB,2021,2026,0.739200376257361,0.7374921,-0.0017,-0.23
St. Vincent and the Grenadines,VCT,2017,2022,0.8205587089650089,0.7950094,-0.0255,-3.11
St. Vincent and the Grenadines,VCT,2018,2023,0.8181966789663492,0.80606246,-0.0121,-1.48
St. Vincent and the Grenadines,VCT,2019,2024,0.819497022501671,0.80687445,-0.0126,-1.54
St. Vincent and the Grenadines,VCT,2020,2025,0.8114282834132976,0.80383253,-0.0076,-0.94
St. Vincent and the Grenadines,VCT,2021,2026,0.8105971608989284,0.8127411,0.0021,0.26
"Venezuela, RB",VEN,2017,2022,0.7304756953349661,0.718409,-0.0121,-1.66
"Venezuela, RB",VEN,2018,2023,0.7298811593372649,0.719333,-0.0105,-1.44
"Venezuela, RB",VEN,2019,2024,0.7186845725658347,0.712226,-0.0065,-0.9
"Venezuela, RB",VEN,2020,2025,0.6969761363925286,0.7014677,0.0045,0.65
"Venezuela, RB",VEN,2021,2026,0.704228491624653,0.71009576,0.0059,0.84
Viet Nam,VNM,2017,2022,0.6356629976926956,0.6812203,0.0456,7.17
Viet Nam,VNM,2018,2023,0.6393259096203918,0.687266,0.0479,7.49
Viet Nam,VNM,2019,2024,0.6423625701872785,0.69320977,0.0508,7.91
Viet Nam,VNM,2020,2025,0.6487173532795439,0.6976397,0.0489,7.54
Viet Nam,VNM,2021,2026,0.6449076357425668,0.6892605,0.0444,6.88
Vanuatu,VUT,2017,2022,0.6093149641552983,0.6141113,0.0048,0.79
Vanuatu,VUT,2018,2023,0.6104545818921355,0.6128951,0.0024,0.39
Vanuatu,VUT,2019,2024,0.6111773084719858,0.61435497,0.0032,0.52
Vanuatu,VUT,2020,2025,0.6073384269029174,0.61685467,0.0095,1.56
Vanuatu,VUT,2021,2026,0.6061770830778505,0.61760956,0.0114,1.88
Samoa,WSM,2017,2022,0.747741115988768,0.75355273,0.0058,0.78
Samoa,WSM,2018,2023,0.747333383954051,0.7554242,0.0081,1.08
Samoa,WSM,2019,2024,0.7448563751922898,0.75051683,0.0057,0.77
Samoa,WSM,2020,2025,0.7446321523404572,0.7505274,0.0059,0.79
Samoa,WSM,2021,2026,0.7455669133331847,0.75328296,0.0077,1.03
"Yemen, Rep.",YEM,2017,2022,0.5331656212042063,0.5368144,0.0036,0.68
"Yemen, Rep.",YEM,2018,2023,0.518187164542582,0.53712493,0.0189,3.65
"Yemen, Rep.",YEM,2019,2024,0.5211491307774572,0.5377725,0.0166,3.19
"Yemen, Rep.",YEM,2020,2025,0.520549468901685,0.5372173,0.0167,3.21
"Yemen, Rep.",YEM,2021,2026,0.5186596254144026,0.53689957,0.0182,3.51
South Africa,ZAF,2017,2022,0.7754072067719112,0.78709096,0.0117,1.51
South Africa,ZAF,2018,2023,0.7651562958338309,0.7744241,0.0093,1.22
South Africa,ZAF,2019,2024,0.7645394888844114,0.777692,0.0132,1.73
South Africa,ZAF,2020,2025,0.7542709264884823,0.758798,0.0045,0.6
South Africa,ZAF,2021,2026,0.7477951818038849,0.76223636,0.0144,1.93
Zambia,ZMB,2017,2022,0.4305219637452658,0.47334746,0.0428,9.94
Zambia,ZMB,2018,2023,0.4326175079139936,0.47260982,0.04,9.25
Zambia,ZMB,2019,2024,0.4303270788882135,0.46989033,0.0396,9.2
Zambia,ZMB,2020,2025,0.4215660697534139,0.46704376,0.0455,10.79
Zambia,ZMB,2021,2026,0.4235587453315022,0.4665846,0.043,10.15
Zimbabwe,ZWE,2017,2022,0.5604243713138293,0.60645485,0.046,8.21
Zimbabwe,ZWE,2018,2023,0.547261807532368,0.59102726,0.0438,8.0
Zimbabwe,ZWE,2019,2024,0.5464620824453992,0.5776825,0.0312,5.71
Zimbabwe,ZWE,2020,2025,0.5463304434145614,0.5762783,0.0299,5.47
Zimbabwe,ZWE,2021,2026,0.5491817685294019,0.5679735,0.0188,3.42
